Unnamed: 0,Elevation,Longitude,Latitude,Nearest_Drainage_Distance
1725095,83.0,72.91187013736253,18.45385725455688,7.5852797662854785
1725096,175.0,72.9227479401715,18.45385725455688,6.487623520847352
1725097,165.0,72.93362574298051,18.45385725455688,5.436713409017915
1725098,112.0,72.94450354578949,18.45385725455688,4.465674681782762
1725099,238.0,72.9553813485985,18.45385725455688,3.639017994371924
1725100,224.0,72.96625915140748,18.45385725455688,3.0754605332158698
1725101,49.0,72.97713695421649,18.45385725455688,2.930915718256502
1725102,33.0,73.04240377107045,18.45385725455688,8.038221580399556
1725103,179.0,73.05328157387946,18.45385725455688,9.173627588300404
1725104,129.0,73.06415937668845,18.45385725455688,10.325390259461178
1725105,4.0,73.10767058792445,18.45385725455688,15.020142702955495
1725106,197.0,73.11854839073342,18.45385725455688,16.20623174396794
1725107,16.0,73.12942619354243,18.45385725455688,17.395258313387874
1725108,10.0,73.14030399635142,18.45385725455688,18.58665866065989
1725109,12.0,73.15118179916043,18.45385725455688,19.780003854258634
1725110,154.0,73.16205960196942,18.45385725455688,20.974961947740923
1725111,17.0,73.17293740477841,18.45385725455688,22.171272152766086
1725112,141.0,73.18381520758741,18.45385725455688,23.36872681519221
1726007,40.0,72.91187013736253,18.444730861721105,8.029960118312715
1726008,246.0,72.9227479401715,18.444730861721105,7.002360267590111
1726009,248.0,72.93362574298051,18.444730861721105,6.041658965935437
1726010,221.0,72.94450354578949,18.444730861721105,5.185175091777367
1726011,272.0,72.9553813485985,18.444730861721105,4.492910229710306
1726012,51.0,72.96625915140748,18.444730861721105,4.049968871515101
1726013,30.0,72.97713695421649,18.444730861721105,3.9413268471919305
1726014,9.0,72.9880147570255,18.444730861721105,4.193050285973939
1726015,3.0,73.02064816545246,18.444730861721105,6.420228533510839
1726016,38.0,73.04240377107045,18.444730861721105,8.459125046036025
1726017,188.0,73.05328157387946,18.444730861721105,9.544591845526927
1726018,142.0,73.06415937668845,18.444730861721105,10.656334941200406
1726019,115.0,73.08047608090195,18.444730861721105,12.357668391179988
1726020,4.0,73.09679278511543,18.444730861721105,14.086412623233262
1726021,5.0,73.12942619354243,18.444730861721105,17.59371484815992
1726022,7.0,73.14030399635142,18.444730861721105,18.77252435174226
1726023,11.0,73.15118179916043,18.444730861721105,19.954757398759806
1726024,78.0,73.16205960196942,18.444730861721105,21.13983961807782
1726025,12.0,73.17293740477841,18.444730861721105,22.3273173319343
1726026,15.0,73.18381520758741,18.444730861721105,23.51682766301519
1726913,5.0,72.91187013736253,18.435603978169954,8.571875333356077
1726914,198.0,72.9227479401715,18.43560397816995,7.6177317192215535
1726915,275.0,72.93362574298051,18.43560397816995,6.745252425934672
1726916,248.0,72.94450354578949,18.435603978169954,5.9902277052958555
1726917,284.0,72.9553813485985,18.43560397816995,5.402131945921447
1726918,70.0,72.96625915140748,18.43560397816995,5.039745538134919
1726919,14.0,72.97713695421649,18.435603978169954,4.952862257856714
1726920,6.0,72.9880147570255,18.43560397816995,5.15542994614568
1726921,38.0,73.02064816545246,18.43560397816995,7.086333442014725
1726922,31.0,73.03152596826148,18.43560397816995,7.995433118246547
1726923,64.0,73.04240377107045,18.435603978169954,8.975164832657928
1726924,109.0,73.05328157387946,18.43560397816995,10.004799884385925
1726925,131.0,73.06415937668845,18.43560397816995,11.070422828779312
1726926,177.0,73.07503717949743,18.43560397816995,12.162578115573222
1726927,149.0,73.08591498230645,18.435603978169954,13.274718646929445
1726928,3.0,73.10767058792445,18.44016748127201,15.387989651441163
1726929,4.0,73.12398729213793,18.43560397816995,17.268311488709745
1726930,6.0,73.14030399635142,18.43560397816995,19.010640645850568
1726931,10.0,73.15118179916043,18.435603978169954,20.17892787222019
1726932,53.0,73.16205960196942,18.43560397816995,21.351571518437748
1726933,11.0,73.17293740477841,18.43560397816995,22.527891301002928
1726934,13.0,73.18381520758741,18.43560397816995,23.707340014452612
1727838,4.0,72.91187013736253,18.426476604110483,9.193865435066426
1727839,19.0,72.9227479401715,18.426476604110483,8.31143498161064
1727840,169.0,72.93362574298051,18.426476604110483,7.51987667432681
1727841,304.0,72.94450354578949,18.426476604110483,6.850762210791207
1727842,292.0,72.9553813485985,18.426476604110483,6.342960229155778
1727843,214.0,72.96625915140748,18.426476604110483,6.0373131438296035
1727844,92.0,72.97713695421649,18.426476604110483,5.964977741183305
1727845,13.0,72.9880147570255,18.426476604110483,6.134213302219163
1727846,5.0,73.00433146123898,18.426476604110483,6.7946394517192115
1727847,12.0,73.02064816545246,18.426476604110483,7.827275168212955
1727848,16.0,73.04240377107045,18.426476604110483,9.570982116841009
1727849,77.0,73.05328157387946,18.426476604110483,10.542586761991362
1727850,67.0,73.06415937668845,18.426476604110483,11.558735939343238
1727851,96.0,73.07503717949743,18.426476604110483,12.608664533761202
1727852,106.0,73.08591498230645,18.426476604110483,13.684599740681021
1727853,163.0,73.09679278511543,18.426476604110483,14.780863395904918
1727854,146.0,73.11310948932893,18.426476604110483,16.454468514432254
1727855,7.0,73.14030399635142,18.426476604110483,19.299082171781446
1727856,12.0,73.16749850337392,18.426476604110483,22.189713513358047
1728749,22.0,73.12942619354243,18.421912733204863,18.32705276258847
1728792,81.0,72.9227479401715,18.41734873974985,9.065523961116655
1728793,148.0,72.93362574298051,18.41734873974985,8.345796452893135
1728794,260.0,72.94450354578949,18.417348739749844,7.74833634432934
1728795,228.0,72.9553813485985,18.41734873974985,7.303212834410008
1728796,208.0,72.96625915140748,18.41734873974985,7.039383725348182
1728797,182.0,72.97713695421649,18.417348739749844,6.977444567236807
1728798,109.0,72.9880147570255,18.41734873974985,7.122664253856255
1728799,22.0,72.99889255983447,18.41734873974985,7.462959425429752
1728800,10.0,73.00977036264348,18.417348739749844,7.973392291003604
1728801,15.0,73.02790003399181,18.420391415668515,8.865125788037972
1728802,44.0,73.04240377107045,18.417348739749844,10.232666901494476
1728803,128.0,73.05328157387946,18.41734873974985,11.146744317071
1728804,94.0,73.06415937668845,18.41734873974985,12.112313971801761
1728805,133.0,73.07503717949743,18.41734873974985,13.118010312580438
1728806,145.0,73.08591498230645,18.417348739749844,14.155283229193868
1728807,202.0,73.09679278511543,18.41734873974985,15.21767708832202
1728808,158.0,73.10767058792445,18.41734873974985,16.300280750909646
1728809,192.0,73.11854839073342,18.417348739749844,17.399322201756412
1728810,9.0,73.14030399635142,18.41734873974985,19.63563968678412
1728811,10.0,73.15118179916043,18.417348739749844,20.768799151993015
1728812,13.0,73.16205960196942,18.41734873974985,21.909894898207707
1728813,19.0,73.17293740477841,18.41734873974985,23.05774868917929
1728814,13.0,73.18381520758741,18.41734873974985,24.21139935452744
1729732,157.0,72.92274794017152,18.40822038529525,9.866178932868703
1729733,232.0,72.93362574298051,18.40822038529525,9.209238865342995
1729734,231.0,72.9445035457895,18.40822038529525,8.671474969729983
1729735,147.0,72.95538134859851,18.40822038529525,8.276151264356187
1729736,114.0,72.96625915140748,18.40822038529525,8.044295200856142
1729737,203.0,72.97713695421648,18.40822038529525,7.990149856834413
1729738,228.0,72.9880147570255,18.40822038529525,8.11727220924505
1729739,192.0,72.99889255983449,18.40822038529525,8.417453619203345
1729740,19.0,73.00977036264347,18.40822038529525,8.873147506495812
1729741,20.0,73.02064816545247,18.40822038529525,9.461911637761082
1729742,18.0,73.03152596826146,18.40822038529525,10.160639789781952
1729743,19.0,73.04240377107047,18.40822038529525,10.948298222224926
1729744,34.0,73.05328157387946,18.40822038529525,11.807102562270517
1729745,77.0,73.06415937668847,18.40822038529525,12.72265348885034
1729746,152.0,73.07503717949744,18.40822038529525,13.683565200883214
1729747,211.0,73.08591498230645,18.40822038529525,14.680933394866502
1729748,219.0,73.09679278511544,18.40822038529525,15.707815188953044
1729749,237.0,73.10767058792443,18.40822038529525,16.758786191256497
1729750,222.0,73.11854839073344,18.40822038529525,17.829587071112815
1729751,204.0,73.12942619354243,18.40822038529525,18.916850678076376
1729752,13.0,73.14030399635142,18.40822038529525,20.017894693374526
1729753,11.0,73.15118179916041,18.40822038529525,21.13056507198928
1729754,16.0,73.16205960196942,18.40822038529525,22.2531179050561
1729755,35.0,73.17293740477841,18.40822038529525,23.384130017154146
1729756,136.0,73.18381520758741,18.40822038529525,24.522430971464313
1730653,64.0,72.9227479401715,18.399091540953968,10.702970050570677
1730654,144.0,72.93362574298051,18.399091540953968,10.100602043787108
1730655,138.0,72.94450354578949,18.399091540953968,9.612833053719214
1730656,64.0,72.9553813485985,18.399091540953968,9.257794603388204
1730657,40.0,72.96625915140748,18.399091540953968,9.051119623921094
1730658,147.0,72.97713695421649,18.399091540953968,9.003031484043813
1730659,108.0,72.9880147570255,18.399091540953968,9.11604021968938
1730660,240.0,72.99889255983447,18.399091540953968,9.384327711639417
1730661,196.0,73.00977036264348,18.399091540953968,9.795143073996288
1730662,29.0,73.02064816545246,18.399091540953968,10.331498100894903
1730663,137.0,73.04240377107045,18.399091540953968,11.708002183582058
1730664,38.0,73.05328157387946,18.399091540953968,12.514781343834473
1730665,58.0,73.06415937668845,18.399091540953968,13.382002576794584
1730666,78.0,73.07503717949743,18.399091540953968,14.298672587859313
1730667,164.0,73.08591498230645,18.399091540953968,15.255880391262869
1730668,173.0,73.09679278511543,18.399091540953968,16.24646235887289
1730669,163.0,73.10767058792445,18.399091540953968,17.264674794860987
1730670,245.0,73.11854839073342,18.399091540953968,18.30590768834901
1730671,256.0,73.12942619354243,18.399091540953968,19.36644832551005
1730672,54.0,73.14030399635142,18.399091540953968,20.443292032425802
1730673,15.0,73.15118179916043,18.399091540953968,21.5339931603418
1730674,18.0,73.16205960196942,18.399091540953968,22.63654871362551
1730675,190.0,73.17293740477841,18.399091540953968,23.749307733641036
1730676,286.0,73.18381520758741,18.399091540953968,24.87090070580968
1731523,43.0,73.03152596826148,18.3945269351406,11.39417375403026
1731572,4.0,72.9227479401715,18.38996220693332,11.568072369119237
1731573,7.0,72.93362574298051,18.38996220693332,11.013123629594075
1731574,69.0,72.94450354578949,18.38996220693332,10.567558362859593
1731575,10.0,72.9553813485985,18.38996220693332,10.24565719474797
1731576,61.0,72.96625915140748,18.38996220693332,10.059299025294786
1731577,32.0,72.97713695421649,18.38996220693332,10.016052432792632
1731578,48.0,72.9880147570255,18.38996220693332,10.11775270110717
1731579,164.0,72.99889255983447,18.38996220693332,10.36013209535528
1731580,331.0,73.00977036264348,18.38996220693332,10.73366471778509
1731581,84.0,73.02064816545246,18.38996220693332,11.22526540633058
1731582,185.0,73.04240377107045,18.38996220693332,12.503761256699095
1731583,95.0,73.05328157387946,18.38996220693332,13.262220120242102
1731584,141.0,73.06415937668845,18.38996220693332,14.08349116515873
1731585,124.0,73.07503717949743,18.38996220693332,14.957231301566692
1731586,213.0,73.08591498230645,18.38996220693332,15.87477927236426
1731587,151.0,73.09679278511543,18.38996220693332,16.828971139438107
1731588,107.0,73.10767058792445,18.38996220693332,17.813919450982016
1731589,120.0,73.11854839073342,18.38996220693332,18.82479712315972
1731590,189.0,73.12942619354243,18.38996220693332,19.8576446533424
1731591,180.0,73.14030399635142,18.38996220693332,20.90920657406233
1731592,20.0,73.15118179916043,18.38996220693332,21.976796669747266
1731593,21.0,73.16205960196942,18.38996220693332,23.058188742789575
1731594,258.0,73.17293740477841,18.38996220693332,24.15152890110581
1731595,249.0,73.18381520758741,18.38996220693332,25.255265438161832
1732462,2.0,72.93362574298051,18.38083238344069,11.941968085488092
1732463,1.0,72.94450354578949,18.38083238344069,11.53234579027773
1732464,6.0,72.9553813485985,18.38083238344069,11.238113766392631
1732465,67.0,72.96625915140748,18.38083238344069,11.068478059534174
1732466,22.0,72.97713695421649,18.38083238344069,11.029189272586809
1732467,67.0,72.9880147570255,18.38083238344069,11.121628900249018
1732468,176.0,72.99889255983447,18.38083238344069,11.342576722566319
1732469,355.0,73.00977036264348,18.38083238344069,11.684745095547324
1732470,209.0,73.02064816545246,18.38083238344069,12.137886682477093
1732471,71.0,73.03152596826148,18.38083238344069,12.690119077991042
1732472,88.0,73.04240377107045,18.38083238344069,13.329131826140143
1732473,228.0,73.05328157387946,18.38083238344069,14.043083428928533
1732474,329.0,73.06415937668845,18.38083238344069,14.821148169868513
1732475,243.0,73.07503717949743,18.38083238344069,15.65376880762774
1732476,258.0,73.08591498230645,18.38083238344069,16.532704758156747
1732477,87.0,73.09679278511543,18.38083238344069,17.450959265499804
1732478,97.0,73.11310948932893,18.38083238344069,18.889457129578233
1732479,148.0,73.12942619354243,18.38083238344069,20.387441253195817
1732480,267.0,73.14030399635142,18.38083238344069,21.41300140640971
1732481,172.0,73.15118179916043,18.38083238344069,22.456653836613935
1732482,93.0,73.16205960196942,18.38083238344069,23.515989831861226
1732483,210.0,73.17293740477841,18.38083238344069,24.588982450175564
1732484,279.0,73.18381520758741,18.38083238344069,25.67391949091732
1733362,1.0,72.93362574298051,18.371702070683547,12.88361829901385
1733363,3.0,72.949942447194,18.371702070683547,12.355470183497681
1733364,22.0,72.96625915140748,18.371702070683547,12.078419816940366
1733365,20.0,72.97713695421649,18.371702070683547,12.042426446958784
1733366,24.0,72.9880147570255,18.371702070683547,12.127145093331842
1733367,85.0,72.99889255983447,18.371702070683547,12.330087811008147
1733368,321.0,73.00977036264348,18.371702070683547,12.645563912605306
1733369,318.0,73.02064816545246,18.371702070683547,13.065424288423365
1733370,169.0,73.03152596826148,18.371702070683547,13.579990461464272
1733371,121.0,73.04240377107045,18.371702070683547,14.178955319715572
1733372,279.0,73.05872047528396,18.371702070683547,15.213476126822117
1733373,303.0,73.07503717949743,18.371702070683547,16.383451913517117
1733374,162.0,73.08591498230645,18.371702070683547,17.22519507408398
1733375,75.0,73.09679278511543,18.371702070683547,18.10836817623283
1733376,74.0,73.10767058792445,18.371702070683547,19.027203015683533
1733377,83.0,73.11854839073342,18.371702070683547,19.97677939814332
1733378,116.0,73.12942619354243,18.371702070683547,20.952918163644394
1733379,211.0,73.14030399635142,18.371702070683547,21.952076164927373
1733380,248.0,73.15118179916043,18.371702070683547,22.97124986276053
1733381,239.0,73.16205960196942,18.371702070683547,24.007890296568522
1733382,256.0,73.17293740477841,18.371702070683547,25.059829940662215
1733383,245.0,73.18381520758741,18.371702070683547,26.125220778894345
1734271,5.0,72.9227479401715,18.3625712688694,14.28116536327109
1734272,3.0,72.93362574298051,18.3625712688694,13.83547172584431
1734273,10.0,72.94450354578949,18.3625712688694,13.483496414074416
1734274,25.0,72.9553813485985,18.3625712688694,13.23271994520419
1734275,20.0,72.96625915140748,18.3625712688694,13.08896033595528
1734276,47.0,72.97713695421649,18.3625712688694,13.055753219648613
1734277,31.0,72.9880147570255,18.3625712688694,13.133937167379603
1734278,73.0,72.99889255983447,18.3625712688694,13.321551066941284
1734279,294.0,73.00977036264348,18.3625712688694,13.614071546372099
1734280,356.0,73.02064816545246,18.3625712688694,14.004926605965345
1734281,293.0,73.03152596826148,18.3625712688694,14.486158853727009
1734282,204.0,73.04240377107045,18.3625712688694,15.049100682779791
1734283,266.0,73.05328157387946,18.3625712688694,15.684956752049663
1734284,263.0,73.06415937668845,18.3625712688694,16.38524059008649
1734285,278.0,73.07503717949743,18.3625712688694,17.14205804460131
1734286,140.0,73.08591498230645,18.3625712688694,17.948259044882317
1734287,90.0,73.09679278511543,18.3625712688694,18.797490667851243
1734288,107.0,73.10767058792445,18.3625712688694,19.68418431131931
1734289,65.0,73.12942619354243,18.3625712688694,21.551274602081705
1734290,57.0,73.14030399635142,18.3625712688694,22.523905197650013
1734291,240.0,73.15118179916043,18.3625712688694,23.51831153929483
1734292,247.0,73.16205960196942,18.3625712688694,24.531845709078265
1734293,207.0,73.17293740477841,18.3625712688694,25.562232571840493
1734294,204.0,73.18381520758741,18.3625712688694,26.607514317348876
1735156,57.0,73.11854839073344,18.358005684630815,20.928250492955716
1735191,81.0,72.92274794017152,18.35343997820584,15.213162382755307
1735192,21.0,72.93362574298051,18.35343997820584,14.795570398860693
1735193,57.0,72.9445035457895,18.35343997820584,14.466972769012616
1735194,109.0,72.95538134859851,18.35343997820584,14.233534441564519
1735195,229.0,72.96625915140748,18.35343997820584,14.09998256123801
1735196,132.0,72.97713695421648,18.35343997820584,14.06916193962419
1735197,121.0,72.9880147570255,18.35343997820584,14.141744272460906
1735198,188.0,72.99889255983449,18.35343997820584,14.316156899815619
1735199,260.0,73.00977036264347,18.35343997820584,14.588748048435539
1735200,335.0,73.02064816545247,18.35343997820584,14.954149751473587
1735201,318.0,73.03152596826146,18.35343997820584,15.405759438807262
1735202,303.0,73.04240377107047,18.35343997820584,15.936249775636437
1735203,241.0,73.05328157387946,18.35343997820584,16.538031740950125
1735204,275.0,73.06415937668847,18.35343997820584,17.203625627932464
1735205,172.0,73.07503717949744,18.35343997820584,17.925924789408242
1735206,39.0,73.08591498230645,18.35343997820584,18.698358973268363
1735207,89.0,73.09679278511544,18.35343997820584,19.51497581241142
1735208,100.0,73.10767058792443,18.35343997820584,20.370462379458854
1735209,39.0,73.12942619354243,18.35343997820584,22.179857134917203
1735210,124.0,73.14030399635142,18.35343997820584,23.12606604902206
1735211,197.0,73.15118179916041,18.35343997820584,24.09563452599396
1735212,229.0,73.16205960196942,18.35343997820584,25.085854170129974
1735213,192.0,73.17293740477841,18.35343997820584,26.094374098795097
1735214,214.0,73.18381520758741,18.35343997820584,27.119152709827258
1736115,30.0,72.9227479401715,18.344308198900485,16.155037377917225
1736116,10.0,72.94450354578949,18.344308198900485,15.454391741416629
1736117,73.0,72.9553813485985,18.344308198900485,15.23608958023723
1736118,177.0,72.96625915140748,18.344308198900485,15.111400703608497
1736119,199.0,72.97713695421649,18.344308198900485,15.082647005123933
1736120,162.0,72.9880147570255,18.344308198900485,15.150374716999055
1736121,148.0,72.99889255983447,18.344308198900485,15.313303738185736
1736122,257.0,73.00977036264348,18.344308198900485,15.568445414316333
1736123,280.0,73.02064816545246,18.344308198900485,15.91136442255298
1736124,281.0,73.03152596826148,18.344308198900485,16.33653411480606
1736125,282.0,73.04240377107045,18.344308198900485,16.837724903004325
1736126,194.0,73.05328157387946,18.344308198900485,17.40837203366464
1736127,245.0,73.06415937668845,18.344308198900485,18.041886202496308
1736128,190.0,73.07503717949743,18.344308198900485,18.731889988820914
1736129,38.0,73.08591498230645,18.344308198900485,19.47237918927753
1736130,23.0,73.09679278511543,18.344308198900485,20.257818341488885
1736131,52.0,73.10767058792445,18.344308198900485,21.083184307660883
1736132,61.0,73.11854839073342,18.344308198900485,21.94397231753734
1736133,21.0,73.12942619354243,18.344308198900485,22.836177121469802
1736134,117.0,73.14030399635142,18.344308198900485,23.756259257331195
1736135,224.0,73.15118179916043,18.344308198900485,24.701103744734514
1736136,200.0,73.16205960196942,18.344308198900485,25.667976204656856
1736137,231.0,73.17293740477841,18.344308198900485,26.654479597352335
1736138,181.0,73.1892541089919,18.344308198900485,28.166519756889542
1737033,99.0,72.96625915140748,18.335175931161068,16.12315046129927
1737034,5.0,72.97713695421649,18.335175931161068,16.096204218816606
1737035,3.0,72.9880147570255,18.335175931161068,16.159684515427884
1737036,5.0,72.99889255983447,18.335175931161068,16.312535699596456
1737037,199.0,73.00977036264348,18.335175931161068,16.552282084088066
1737038,148.0,73.02064816545246,18.335175931161068,16.875220512928426
1737039,235.0,73.03152596826148,18.335175931161068,17.27668650108862
1737040,200.0,73.04240377107045,18.335175931161068,17.751352891594703
1737041,78.0,73.05328157387946,18.335175931161068,18.293522526707445
1737042,166.0,73.06415937668845,18.335175931161068,18.897386256212847
1737043,261.0,73.07503717949743,18.335175931161068,19.5572301752054
1737044,115.0,73.08591498230645,18.335175931161068,20.267587445566488
1737045,2.0,73.09679278511543,18.335175931161068,21.02333830602169
1737046,12.0,73.10767058792445,18.335175931161068,21.819766500205123
1737047,29.0,73.11854839073342,18.335175931161068,22.652581986288464
1737048,27.0,73.12942619354243,18.335175931161068,23.5179194465798
1737049,71.0,73.14030399635142,18.335175931161068,24.412320731020426
1737050,28.0,73.15118179916043,18.335175931161068,25.332707628297705
1737051,64.0,73.16205960196942,18.335175931161068,26.276349670673554
1737052,102.0,73.17293740477841,18.335175931161068,27.240830240254194
1737053,242.0,73.18381520758741,18.335175931161068,28.224013114180096
1737946,13.0,72.96625915140748,18.32604317519533,17.1351826924591
1737947,3.0,72.97713695421649,18.32604317519533,17.109830372043568
1737948,2.0,72.9880147570255,18.32604317519533,17.169563440705613
1737949,7.0,72.99889255983447,18.32604317519533,17.31350126510706
1737950,115.0,73.00977036264348,18.32604317519533,17.539570898328094
1737951,223.0,73.02064816545246,18.32604317519533,17.844651088385433
1737952,278.0,73.03152596826148,18.32604317519533,18.224774389910916
1737953,219.0,73.04240377107045,18.32604317519533,18.675359021667635
1737954,69.0,73.05328157387946,18.32604317519533,19.191442664411856
1737955,122.0,73.06415937668845,18.32604317519533,19.76789600394431
1737956,209.0,73.07503717949743,18.32604317519533,20.399601889061945
1737957,2.0,73.08591498230645,18.32604317519533,21.081594009228507
1737958,1.0,73.10223168651994,18.32604317519533,22.188634735866767
1737959,2.0,73.11854839073342,18.32604317519533,23.38371176164673
1737960,28.0,73.12942619354243,18.32604317519533,24.22294449900902
1737961,75.0,73.14030399635142,18.32604317519533,25.092228051340214
1737962,105.0,73.15118179916043,18.32604317519533,25.988547109968803
1737963,152.0,73.16205960196942,18.32604317519533,26.909200231923677
1737964,150.0,73.17293740477841,18.32604317519533,27.851774401007244
1737965,185.0,73.18381520758741,18.32604317519533,28.81411843828759
1738828,12.0,72.96625915140748,18.316909931211114,18.14745919771442
1738829,1.0,72.98257585562098,18.316909931211114,18.141703778586983
1738830,8.0,72.99889255983447,18.316909931211114,18.31592518781466
1738831,193.0,73.00977036264348,18.316909931211114,18.52976893342811
1738832,302.0,73.02064816545246,18.316909931211114,18.81880341294247
1738833,290.0,73.03152596826148,18.316909931211114,19.179629584324942
1738834,186.0,73.04240377107045,18.316909931211114,19.60828457609034
1738835,37.0,73.05328157387946,18.316909931211114,20.100429372781257
1738836,199.0,73.06415937668845,18.316909931211114,20.651525412218753
1738837,161.0,73.07503717949743,18.316909931211114,21.256988184147335
1738838,8.0,73.09679278511543,18.316909931211114,22.61316094809511
1738839,4.0,73.10767058792445,18.316909931211114,23.211558017222472
1738840,36.0,73.11854839073342,18.316909931211114,23.78659327038882
1738841,12.0,73.12942619354243,18.316909931211114,24.40785564450821
1738842,56.0,73.14030399635142,18.316909931211114,25.071908958902718
1738843,113.0,73.15118179916043,18.316909931211114,25.775446154277496
1738844,124.0,73.16205960196942,18.316909931211114,26.515324512227142
1738845,151.0,73.17293740477841,18.316909931211114,27.28858822756349
1738846,183.0,73.18381520758741,18.316909931211114,28.092480574818026
1739729,38.0,72.97713695421649,18.30777619941632,19.137280035556277
1739730,7.0,72.9880147570255,18.30777619941632,19.1907034926709
1739731,75.0,72.99889255983447,18.30777619941632,19.31958896705777
1739732,134.0,73.00977036264348,18.30777619941632,19.522441934775323
1739733,202.0,73.02064816545246,18.30777619941632,19.664285571362488
1739734,276.0,73.03152596826148,18.30777619941632,19.7581195823633
1739735,127.0,73.04240377107045,18.30777619941632,19.924815074624227
1739736,45.0,73.05328157387946,18.30777619941632,20.1625649661234
1739737,126.0,73.06415937668845,18.30777619941632,20.46889347757856
1739738,204.0,73.09679278511543,18.30777619941632,21.76718048611902
1739739,312.0,73.10767058792445,18.30777619941632,22.314119660234212
1739740,127.0,73.11854839073342,18.30777619941632,22.91168981186837
1739741,19.0,73.12942619354243,18.30777619941632,23.556038032477307
1739742,22.0,73.14030399635142,18.30777619941632,24.24343477042543
1739743,28.0,73.15118179916043,18.30777619941632,24.970325089522255
1739744,34.0,73.16205960196942,18.30777619941632,25.73336248167114
1739745,122.0,73.17293740477841,18.30777619941632,26.529428152108423
1739746,156.0,73.18381520758741,18.30777619941632,27.355638824032138
1740625,34.0,72.9880147570255,18.298641980018868,18.822293106236337
1740626,145.0,72.99889255983449,18.298641980018868,18.68770901933919
1740627,196.0,73.00977036264347,18.298641980018868,18.630566897817676
1740628,183.0,73.02064816545247,18.298641980018868,18.651578523137776
1740629,208.0,73.03152596826146,18.298641980018868,18.750481161923226
1740630,3.0,73.05328157387946,18.298641980018868,19.176190455505576
1740631,-1.0,73.08591498230645,18.298641980018868,20.342404349541066
1740632,128.0,73.09679278511544,18.298641980018868,20.856831031774377
1740633,192.0,73.10767058792443,18.298641980018868,21.427020105089134
1740634,271.0,73.11854839073344,18.298641980018868,22.04864586336282
1740635,186.0,73.12942619354243,18.298641980018868,22.71748626411368
1740636,98.0,73.14030399635142,18.298641980018868,23.42949815596888
1740637,108.0,73.15118179916041,18.298641980018868,24.180868252588706
1740638,116.0,73.16205960196942,18.298641980018868,24.96804355542813
1740639,72.0,73.17293740477841,18.298641980018868,25.78774539292955
1740640,92.0,73.18381520758741,18.298641980018868,26.636971108659683
1741533,87.0,72.99889255983447,18.2895072732268,17.677154651775524
1741534,82.0,73.00977036264348,18.2895072732268,17.616734973466333
1741535,89.0,73.02064816545246,18.2895072732268,17.63895432263671
1741536,122.0,73.03152596826148,18.2895072732268,17.74350224715903
1741537,12.0,73.05328157387946,18.2895072732268,18.192790016298108
1741538,20.0,73.06415937668845,18.2895072732268,18.531707497163545
1741539,1.0,73.08047608090195,18.2895072732268,19.171885050789456
1741540,17.0,73.09679278511543,18.2895072732268,19.956420743190648
1741541,83.0,73.10767058792445,18.2895072732268,20.551606233460692
1741542,272.0,73.11854839073342,18.2895072732268,21.19891772235654
1741543,212.0,73.12942619354243,18.2895072732268,21.89373221612722
1741544,120.0,73.14030399635142,18.2895072732268,22.631674971858402
1741545,126.0,73.15118179916043,18.2895072732268,23.40866757507556
1741546,110.0,73.16205960196942,18.2895072732268,24.22095223514239
1741547,116.0,73.17293740477841,18.2895072732268,25.065098057694733
1741548,128.0,73.18381520758741,18.2895072732268,25.937994487524737
1742433,7.0,72.99889255983447,18.28037207924819,16.66695918556699
1742434,2.0,73.00977036264348,18.28037207924819,16.602863699853668
1742435,3.0,73.02064816545246,18.28037207924819,16.62643802823176
1742436,93.0,73.03152596826148,18.28037207924819,16.737311728754545
1742437,64.0,73.04240377107045,18.28037207924819,16.933770112780827
1742438,1.0,73.05328157387946,18.28037207924819,17.21288298013099
1742439,24.0,73.06415937668845,18.28037207924819,17.570711843035685
1742440,47.0,73.07503717949743,18.28037207924819,18.00256350585749
1742441,43.0,73.08591498230645,18.28037207924819,18.503255789781626
1742442,3.0,73.09679278511543,18.28037207924819,19.067366383164114
1742443,93.0,73.10767058792445,18.28037207924819,19.68944515941948
1742444,98.0,73.11854839073342,18.28037207924819,20.36418042813924
1742445,52.0,73.12942619354243,18.28037207924819,21.086518021286818
1742446,102.0,73.14030399635142,18.28037207924819,21.851737778547704
1742447,129.0,73.15118179916043,18.28037207924819,22.655494908541744
1742448,71.0,73.16205960196942,18.28037207924819,23.4938344909386
1742449,61.0,73.17293740477841,18.28037207924819,24.363186830799027
1742450,122.0,73.18381520758741,18.28037207924819,25.260350154846044
1743342,1.0,73.02064816545246,18.27123639829118,15.614061190721118
1743343,36.0,73.03152596826148,18.27123639829118,15.732071359692487
1743344,96.0,73.04240377107045,18.271236398291176,15.940923298022891
1743345,1.0,73.06415937668845,18.27123639829118,16.61596762249935
1743346,16.0,73.07503717949743,18.27123639829118,17.071987527625016
1743347,51.0,73.10767058792445,18.27123639829118,18.842364927119405
1743348,41.0,73.11854839073342,18.271236398291176,19.546363085514123
1743349,40.0,73.12942619354243,18.27123639829118,20.297825194414447
1743350,52.0,73.14030399635142,18.27123639829118,21.09167867438154
1743351,100.0,73.17293740477841,18.27123639829118,23.683862394326045
1743352,126.0,73.18381520758741,18.27123639829118,24.6058073492089
1744207,153.0,73.08591498230645,18.26666837526082,17.151728802133107
1744242,113.0,72.9553813485985,18.26210023056396,15.882422464417465
1744243,57.0,72.96625915140748,18.26210023056396,15.442010302036461
1744244,2.0,73.03152596826148,18.26210023056396,14.727986883452031
1744245,44.0,73.04240377107045,18.26210023056396,14.950871679140983
1744246,1.0,73.07503717949743,18.26210023056396,16.151417476991384
1744247,65.0,73.16205960196942,18.26210023056396,22.107380053304524
1744248,130.0,73.18381520758741,18.26210023056396,23.97626500685754
1745096,36.0,73.10948355505924,18.26210023056396,18.131520169935474
1745101,44.0,73.15118179916043,18.26392750304101,21.354154554929778
1745128,74.0,72.9553813485985,18.2529635762748,14.957348164507279
1745129,125.0,72.96625915140748,18.2529635762748,14.488844085856432
1745130,0.0,73.07503717949743,18.2529635762748,15.242677169451548
1745131,25.0,73.08591498230645,18.2529635762748,15.830899826976818
1745132,70.0,73.09679278511543,18.2529635762748,16.48670298451162
1745133,65.0,73.11854839073342,18.2529635762748,17.970719490868937
1745134,115.0,73.12942619354243,18.2529635762748,18.785317585064703
1745135,55.0,73.14030399635142,18.2529635762748,19.640401178491654
1745136,92.0,73.16931147050875,18.25600918175409,22.29127408145815
1745137,136.0,73.18381520758741,18.2529635762748,23.373750329271466
1746013,7.0,72.95538134859851,18.24382643563203,14.044532976052754
1746014,4.0,72.96625915140748,18.24382643563203,13.544491328411738
1746015,2.0,72.97713695421648,18.24382643563203,13.136719076829515
1746016,56.0,73.07503717949744,18.24382643563203,14.348025985943337
1746017,71.0,73.08591498230645,18.24382643563203,14.97144053633245
1746018,204.0,73.09679278511544,18.24382643563203,15.663269700183863
1746019,126.0,73.10767058792443,18.24382643563203,16.414865445583317
1746020,179.0,73.11854839073344,18.24382643563203,17.218402986940973
1746021,181.0,73.12942619354243,18.24382643563203,18.06695323436979
1746022,90.0,73.14030399635142,18.24382643563203,18.954471790405034
1746023,75.0,73.17293740477841,18.24382643563203,21.802257439615527
1746024,109.0,73.18381520758741,18.24382643563203,22.800413304505728
1746911,146.0,72.9553813485985,18.23468880884403,13.146543256441063
1746912,163.0,72.96625915140748,18.23468880884403,12.610945183587297
1746913,34.0,72.97713695421649,18.234688808844027,12.171938267241497
1746914,4.0,72.9880147570255,18.23468880884403,11.840271444008625
1746915,25.0,72.99889255983447,18.23468880884403,11.62513563285307
1746916,38.0,73.00977036264348,18.234688808844027,11.53305393314294
1746917,2.0,73.02064816545246,18.23468880884403,11.566965526684404
1746918,5.0,73.08591498230645,18.234688808844027,14.132470584117707
1746919,97.0,73.09679278511543,18.23468880884403,14.86340172298021
1746920,195.0,73.10767058792445,18.23468880884403,15.653450120489778
1746921,188.0,73.11854839073342,18.234688808844027,16.494123029087493
1746922,201.0,73.12942619354243,18.23468880884403,17.37807504446128
1746923,103.0,73.14030399635142,18.23468880884403,18.29903532788773
1746924,67.0,73.17293740477841,18.23468880884403,21.234903403154284
1746925,104.0,73.18381520758741,18.23468880884403,22.258516121572544
1747757,49.0,73.15770848084581,18.236516373083248,19.955201084727406
1747806,99.0,72.9553813485985,18.225550696119267,12.266648777481567
1747807,173.0,72.96625915140748,18.225550696119267,11.690808828308574
1747808,135.0,72.97713695421649,18.225550696119264,11.215843874544294
1747809,30.0,72.9880147570255,18.225550696119267,10.855003477863105
1747810,130.0,72.99889255983447,18.225550696119267,10.619927076908024
1747811,176.0,73.00977036264348,18.225550696119264,10.519049655810102
1747812,164.0,73.02064816545246,18.225550696119267,10.556219215804466
1747813,52.0,73.03152596826148,18.225550696119267,10.730001236299676
1747814,2.0,73.04240377107045,18.225550696119264,11.033942761224978
1747815,-6.0,73.08591498230645,18.225550696119264,13.317875110075448
1747816,37.0,73.09679278511543,18.225550696119267,14.091124277902923
1747817,73.0,73.10767058792445,18.225550696119267,14.922116917893236
1747818,126.0,73.11854839073342,18.225550696119264,15.80174569898178
1747819,233.0,73.12942619354243,18.225550696119267,16.722337303365876
1747820,213.0,73.14030399635142,18.225550696119267,17.677493220700075
1747821,61.0,73.15118179916043,18.225550696119264,18.661906981239643
1747822,99.0,73.17293740477841,18.225550696119267,20.701695466263327
1747823,145.0,73.18381520758741,18.225550696119267,21.75041637695515
1748665,196.0,72.96625915140748,18.21641209766624,10.787529465394428
1748666,198.0,72.97713695421649,18.21641209766624,10.270877991917555
1748667,75.0,72.9880147570255,18.21641209766624,9.8755699284201
1748668,135.0,72.99889255983447,18.21641209766624,9.616581098578616
1748669,151.0,73.00977036264348,18.21641209766624,9.505061102807401
1748670,179.0,73.02064816545246,18.21641209766624,9.546179604366072
1748671,187.0,73.03152596826148,18.21641209766624,9.738003257223111
1748672,33.0,73.04240377107045,18.21641209766624,10.071925027753766
1748673,5.0,73.08591498230645,18.21641209766624,12.532421089090116
1748674,22.0,73.09679278511543,18.21641209766624,13.351238306689027
1748675,77.0,73.10767058792445,18.21641209766624,14.225517713530527
1748676,144.0,73.11854839073342,18.21641209766624,15.145657728933163
1748677,218.0,73.12942619354243,18.21641209766624,16.103799110589936
1748678,191.0,73.14030399635142,18.21641209766624,17.093552804335104
1748679,112.0,73.15118179916043,18.21641209766624,18.10973641672193
1748680,113.0,73.16205960196942,18.21641209766624,19.148142537066086
1748681,184.0,73.17293740477841,18.21641209766624,20.205345235471796
1748682,141.0,73.1892541089919,18.21641209766624,21.820403952427554
1749537,138.0,72.97713695421649,18.207273013693523,9.340436416083962
1749538,46.0,72.9880147570255,18.207273013693523,8.903914820412787
1749539,53.0,72.99889255983447,18.207273013693523,8.61576750751728
1749540,23.0,73.00977036264348,18.207273013693523,8.49111325364073
1749541,74.0,73.02064816545246,18.207273013693523,8.537116770717489
1749542,201.0,73.03152596826148,18.207273013693523,8.751087084227818
1749543,134.0,73.04240377107045,18.207273013693523,9.12121107544079
1749544,2.0,73.08591498230645,18.207273013693523,11.781952133340289
1749545,44.0,73.09679278511543,18.207273013693523,12.64944196555925
1749546,171.0,73.10767058792445,18.207273013693523,13.569015142449427
1749547,175.0,73.11854839073342,18.207273013693523,14.53078682522195
1749548,195.0,73.12942619354243,18.207273013693523,15.52691738601994
1749549,194.0,73.14030399635142,18.207273013693523,16.55120434266472
1749550,149.0,73.15118179916043,18.207273013693523,17.59873207936286
1749551,112.0,73.16205960196942,18.207273013693523,18.665588132653376
1749552,179.0,73.17293740477841,18.207273013693523,19.748640302629795
1749553,130.0,73.18381520758741,18.207273013693523,20.845364261525035
1750358,2.0,73.0560010245817,18.207273013693523,9.775763329043814
1750406,4.0,72.9880147570255,18.19813344440977,7.9429139507810955
1750407,18.0,72.99889255983447,18.19813344440977,7.618505932526208
1750408,15.0,73.00977036264348,18.19813344440977,7.4772446252947855
1750409,16.0,73.02064816545246,18.19813344440977,7.529445242327769
1750410,186.0,73.03152596826148,18.19813344440977,7.771210205372483
1750411,197.0,73.04240377107045,18.19813344440977,8.185760464556132
1750412,-3.0,73.08591498230645,18.19813344440977,11.073598284779353
1750413,125.0,73.09679278511543,18.19813344440977,11.992437823078259
1750414,221.0,73.10767058792445,18.19813344440977,12.958717329904541
1750415,259.0,73.11854839073342,18.19813344440977,13.962591043942751
1750416,206.0,73.12942619354243,18.19813344440977,14.996511141350002
1750417,230.0,73.14030399635142,18.19813344440977,16.05467371493392
1750418,243.0,73.15118179916043,18.19813344440977,17.132587478298248
1750419,194.0,73.16205960196942,18.19813344440977,18.226748564628775
1750420,178.0,73.17293740477841,18.19813344440977,19.334398793419986
1751229,152.0,73.18381520758741,18.193563477841455,20.273532007492577
1751266,2.0,72.99889255983449,18.18899339002365,6.626425048772078
1751267,8.0,73.00977036264347,18.18899339002365,6.463517886535346
1751268,11.0,73.02064816545247,18.18899339002365,6.523834910562722
1751269,75.0,73.03152596826146,18.18899339002365,6.801439872493208
1751270,108.0,73.04240377107047,18.18899339002365,7.27148888922774
1751271,3.0,73.06415937668847,18.18899339002365,8.651698972147345
1751272,1.0,73.07503717949744,18.18899339002365,9.498119456823899
1751273,144.0,73.09679278511544,18.18899339002365,11.387995487507418
1751274,218.0,73.10767058792443,18.18899339002365,12.401460846182463
1751275,219.0,73.11854839073344,18.18899339002365,13.447000592826983
1751276,201.0,73.12942619354243,18.18899339002365,14.517686547645821
1751277,269.0,73.14030399635142,18.18899339002365,15.60834470326856
1751278,277.0,73.15118179916041,18.18899339002365,16.715065958127568
1751279,247.0,73.16205960196942,18.18899339002365,17.834860232736865
1751280,198.0,73.17293740477841,18.18899339002365,18.965412017303024
1752143,14.0,72.99889255983447,18.17985285074395,5.642287357334236
1752144,3.0,73.00977036264348,18.17985285074395,5.450042308578574
1752145,26.0,73.02064816545246,18.17985285074395,5.521441807717347
1752146,34.0,73.03152596826148,18.17985285074395,5.846835215300852
1752147,27.0,73.04240377107045,18.17985285074395,6.387522865860204
1752148,140.0,73.09679278511543,18.17985285074395,10.844922264322355
1752149,194.0,73.10767058792445,18.17985285074395,11.904710362506307
1752150,222.0,73.11854839073342,18.17985285074395,12.990293400812279
1752151,149.0,73.12942619354243,18.17985285074395,14.09571283729317
1752152,255.0,73.14030399635142,18.17985285074395,15.216646216291775
1752153,257.0,73.15118179916043,18.17985285074395,16.349902986878508
1752154,196.0,73.16205960196942,18.17985285074395,17.49308826985658
1752155,183.0,73.17293740477841,18.17985285074395,18.64437584586293
1752156,186.0,73.18381520758741,18.17985285074395,19.80235258939726
1752984,3.0,73.0831955316042,18.17985285074395,9.569506299872764
1753019,12.0,72.99889255983447,18.17071182677949,4.671151206118592
1753020,37.0,73.00977036264348,18.17071182677949,4.43702694751631
1753021,106.0,73.02064816545246,18.17071182677949,4.524441026657152
1753022,70.0,73.03152596826148,18.17071182677949,4.916271860116321
1753023,62.0,73.04240377107045,18.17071182677949,5.54839574377823
1753024,90.0,73.09679278511543,18.17071182677949,10.372877415976927
1753025,131.0,73.10767058792445,18.17071182677949,11.476339825173115
1753026,168.0,73.11854839073342,18.17071182677949,12.59888763371102
1753027,124.0,73.12942619354243,18.17071182677949,13.735842433543016
1753028,249.0,73.14030399635142,18.17071182677949,14.88390301767235
1753029,144.0,73.16205960196942,18.17071182677949,17.204429202524658
1753030,145.0,73.17293740477841,18.17071182677949,18.37381282285978
1753031,188.0,73.18381520758741,18.17071182677949,19.547823793008206
1753860,284.0,73.15118179916043,18.166141133105743,15.908101128613477
1753891,11.0,72.99889255983447,18.161570318339137,3.7232482483173452
1753892,19.0,73.00977036264348,18.161570318339137,3.424928037369677
1753893,58.0,73.02064816545246,18.161570318339137,3.537441240766189
1753894,128.0,73.03152596826148,18.161570318339137,4.026493875662373
1753895,175.0,73.04240377107045,18.161570318339137,4.777825787714678
1753896,37.0,73.05328157387946,18.161570318339137,5.688443505294335
1753897,12.0,73.09679278511543,18.161570318339137,9.981959217260865
1753898,53.0,73.10767058792445,18.161570318339137,11.124266254950458
1753899,113.0,73.11854839073342,18.161570318339137,12.279042859077064
1753900,30.0,73.12942619354243,18.161570318339137,13.443075960779806
1753901,264.0,73.14030399635142,18.161570318339137,14.6141538573963
1753902,154.0,73.16205960196942,18.161570318339137,16.971602991846655
1753903,140.0,73.17293740477841,18.161570318339137,18.155988587175898
1753904,179.0,73.18381520758741,18.161570318339137,19.343224627002417
1754726,3.0,73.06726732034815,18.164182227317657,7.138630519947171
1754752,116.0,73.00977036264348,18.152428325631856,2.414965935071599
1754753,175.0,73.02064816545246,18.152428325631863,2.5720456718869813
1754754,217.0,73.03152596826148,18.152428325631863,3.211632192070834
1754755,235.0,73.04240377107045,18.152428325631856,4.114553154857367
1754756,103.0,73.05328157387946,18.152428325631863,5.143959362137731
1754757,21.0,73.06415937668845,18.152428325631863,6.237538945981486
1754758,2.0,73.09679278511543,18.152428325631863,9.68201622708092
1754759,15.0,73.10767058792445,18.152428325631863,10.855930550506878
1754760,73.0,73.11854839073342,18.152428325631856,12.03647880160335
1754761,39.0,73.12942619354243,18.152428325631863,13.221884120415481
1754762,81.0,73.14030399635142,18.152428325631863,14.410947969306193
1754763,177.0,73.15118179916043,18.152428325631856,15.602833940749305
1754764,74.0,73.16205960196942,18.152428325631863,16.796941284628502
1754765,41.0,73.17293740477841,18.152428325631863,17.992827737297453
1754766,247.0,73.18381520758741,18.152428325631863,19.190160691799115
1755608,2.0,72.99889255983447,18.14328584886665,2.031198207069988
1755609,36.0,73.00977036264348,18.14328584886665,1.4118500979095003
1755610,158.0,73.02064816545246,18.14328584886665,1.6663370516433924
1755611,172.0,73.03152596826148,18.14328584886665,2.5447674881121753
1755612,158.0,73.04240377107045,18.14328584886665,3.6181221504473204
1755613,94.0,73.05328157387946,18.14328584886665,4.756214687199418
1755614,55.0,73.06415937668845,18.14328584886665,5.921836905390324
1755615,6.0,73.07503717949743,18.14328584886665,7.101445658841609
1755616,8.0,73.08591498230645,18.14328584886665,8.28907187115274
1755617,3.0,73.10223168651994,18.14328584886665,10.079341144630725
1755618,64.0,73.11854839073342,18.14328584886665,11.875945527529908
1755619,59.0,73.12942619354243,18.14328584886665,13.07591220240875
1755620,26.0,73.14574289775592,18.14328584886665,14.878128542216384
1755621,31.0,73.16205960196942,18.14328584886665,16.682280921704454
1755622,87.0,73.17293740477841,18.14328584886665,17.885835463166586
1755623,206.0,73.18381520758741,18.14328584886665,19.089880240810285
1756478,92.0,72.99889255983449,18.134142888252597,1.5318894831568681
1756479,74.0,73.00977036264347,18.134142888252597,0.4628605958330433
1756480,47.0,73.02064816545247,18.134142888252597,0.9987984791185335
1756481,81.0,73.03152596826146,18.134142888252597,2.167201144507124
1756482,77.0,73.04240377107047,18.134142888252597,3.3632911155258416
1756483,221.0,73.05328157387946,18.134142888252597,4.565358406843698
1756484,123.0,73.06415937668847,18.134142888252597,5.769668237105839
1756485,34.0,73.07503717949744,18.134142888252597,6.975059116431149
1756486,17.0,73.08591498230645,18.134142888252597,8.18105321565277
1756487,7.0,73.09679278511544,18.134142888252597,9.387418052111126
1756488,6.0,73.10767058792443,18.134142888252597,10.594026976603805
1756489,11.0,73.12398729213793,18.1341428882526,12.404242209428501
1756490,112.0,73.14030399635142,18.134142888252597,14.214696649512584
1756491,137.0,73.15118179916041,18.134142888252597,15.421757566703207
1756492,29.0,73.16749850337392,18.134142888252597,17.23244751114251
1756493,145.0,73.18381520758741,18.134142888252597,19.04322574672384
1757334,53.0,72.9880147570255,18.124999443998817,2.770530637234609
1757335,175.0,72.99889255983447,18.124999443998817,1.6209844620722578
1757336,19.0,73.00977036264348,18.124999443998817,0.7036655234146533
1757337,31.0,73.02064816545246,18.124999443998817,1.1307093523779428
1757338,33.0,73.03152596826148,18.124999443998817,2.231068362562677
1757339,53.0,73.04240377107045,18.124999443998817,3.4047954953907134
1757340,208.0,73.05328157387946,18.124999443998817,4.596020302458075
1757341,203.0,73.06415937668845,18.124999443998817,5.793960373002064
1757342,94.0,73.07503717949743,18.124999443998817,6.995166539501092
1757343,21.0,73.08591498230645,18.124999443998817,8.198203276024016
1757344,73.0,73.09679278511543,18.124999443998817,9.402367942318607
1757345,28.0,73.10767058792445,18.124999443998817,10.607276409084049
1757346,42.0,73.11854839073342,18.124999443998817,11.812701073113336
1757347,76.0,73.12942619354243,18.124999443998817,13.018498546106514
1757348,118.0,73.14030399635142,18.124999443998817,14.224574020874323
1757349,179.0,73.15118179916043,18.124999443998817,15.430862311740219
1757350,215.0,73.16205960196942,18.124999443998817,16.637317128087084
1757351,180.0,73.17293740477841,18.124999443998817,17.843904692789156
1757352,174.0,73.18381520758741,18.124999443998817,19.050599782640816
1758179,15.0,72.9880147570255,18.115855516314515,3.164973631556284
1758180,218.0,72.99889255983447,18.115855516314515,2.2290824800510753
1758181,51.0,73.00977036264348,18.115855516314515,1.6841506005798244
1758182,67.0,73.02064816545246,18.115855516314515,1.9025566262652769
1758183,97.0,73.03152596826148,18.115855516314515,2.705343622355406
1758184,183.0,73.04240377107045,18.115855516314515,3.732807313808718
1758185,196.0,73.05328157387946,18.115855516314515,4.844029386491971
1758186,238.0,73.06415937668845,18.115855516314515,5.992595003878469
1758187,178.0,73.07503717949743,18.115855516314515,7.160556751534523
1758188,54.0,73.08591498230645,18.115855516314515,8.339769483121334
1758189,143.0,73.09679278511543,18.115855516314515,9.526055899443987
1758190,151.0,73.10767058792445,18.115855516314515,10.717067271194203
1758191,207.0,73.11854839073342,18.115855516314515,11.911386347496414
1758192,180.0,73.12942619354243,18.115855516314515,13.10810903492828
1758193,208.0,73.14030399635142,18.115855516314515,14.306632173643232
1758194,206.0,73.15118179916043,18.115855516314515,15.506538290684857
1758195,252.0,73.16205960196942,18.115855516314515,16.707529419310646
1758196,267.0,73.17293740477841,18.115855516314515,17.909387280472046
1758197,253.0,73.18381520758741,18.115855516314515,19.11194836103701
1759042,2.0,72.9880147570255,18.106711105408937,3.7972247321065384
1759043,102.0,72.99889255983447,18.106711105408937,3.061154403251435
1759044,164.0,73.00977036264348,18.10671110540894,2.6903941761582577
1759045,122.0,73.02064816545246,18.106711105408937,2.83223927199326
1759046,172.0,73.03152596826148,18.106711105408937,3.4235568773855745
1759047,175.0,73.04240377107045,18.10671110540894,4.2820214875332825
1759048,155.0,73.05328157387946,18.106711105408937,5.278870928036864
1759049,206.0,73.06415937668845,18.106711105408937,6.34925605549061
1759050,201.0,73.07503717949743,18.106711105408937,7.461597052214871
1759051,168.0,73.08591498230645,18.10671110540894,8.59962863205585
1759052,188.0,73.09679278511543,18.106711105408937,9.754363053372916
1759053,201.0,73.10767058792445,18.106711105408937,10.920503123619213
1759054,245.0,73.11854839073342,18.10671110540894,12.094750195725284
1759055,235.0,73.12942619354243,18.106711105408937,13.27495310911656
1759056,158.0,73.14030399635142,18.106711105408937,14.45965358262772
1759057,201.0,73.15118179916043,18.10671110540894,15.647830115966512
1759058,250.0,73.16205960196942,18.106711105408937,16.838746891464513
1759059,299.0,73.17293740477841,18.106711105408937,18.031860978268686
1759060,239.0,73.18381520758741,18.106711105408937,19.226763319202227
1759899,35.0,72.99889255983447,18.09756621149141,3.9791317960158508
1759900,99.0,73.00977036264348,18.09756621149141,3.701492184596242
1759901,34.0,73.02064816545246,18.09756621149141,3.805837997516393
1759902,115.0,73.03152596826148,18.09756621149141,4.264219185526554
1759903,99.0,73.04240377107045,18.09756621149141,4.979812405022656
1759904,44.0,73.05328157387946,18.09756621149141,5.859121251893619
1759905,110.0,73.06415937668845,18.09756621149141,6.839289146373536
1759906,224.0,73.07503717949743,18.09756621149141,7.88278213190878
1759907,222.0,73.08591498230645,18.09756621149141,8.967521183626808
1759908,224.0,73.10223168651994,18.09756621149141,10.644286805770776
1759909,254.0,73.11854839073342,18.09756621149141,12.359037416664682
1759910,287.0,73.12942619354243,18.09756621149141,13.516183026977775
1759911,184.0,73.14030399635142,18.09756621149141,14.6814306284884
1759912,217.0,73.15118179916043,18.09756621149141,15.852993752211892
1759913,228.0,73.16205960196942,18.09756621149141,17.029569003481107
1759914,275.0,73.17293740477841,18.09756621149141,18.210184894973683
1759915,287.0,73.1892541089919,18.09756621149141,19.987118013151395
1760757,10.0,73.00977036264348,18.08842083477132,4.714356824982232
1760758,19.0,73.02064816545246,18.08842083477132,4.79671958154415
1760759,14.0,73.03152596826148,18.08842083477132,5.167947478723274
1760760,18.0,73.04240377107045,18.08842083477132,5.772577194793244
1760761,38.0,73.05328157387946,18.08842083477132,6.546252189231709
1760762,78.0,73.06415937668845,18.08842083477132,7.43639643297292
1760763,98.0,73.07503717949743,18.08842083477132,8.40609124502999
1760764,228.0,73.08591498230645,18.08842083477132,9.430829871195062
1760765,269.0,73.09679278511543,18.08842083477132,10.494500370534787
1760766,258.0,73.10767058792445,18.08842083477132,11.586385455487191
1760767,257.0,73.11854839073342,18.08842083477132,12.699209493001804
1760768,232.0,73.12942619354243,18.08842083477132,13.827918118769418
1760769,180.0,73.14030399635142,18.08842083477132,14.968918504011798
1760770,240.0,73.15118179916043,18.08842083477132,16.119600701887713
1760771,244.0,73.16205960196942,18.08842083477132,17.278030452715203
1760772,265.0,73.17293740477841,18.08842083477132,18.44274789150893
1760773,318.0,73.18381520758741,18.08842083477132,19.61263284678445
1761585,6.0,73.00977036264347,18.07927497545809,5.728079487288648
1761586,8.0,73.02064816545247,18.07927497545809,5.796054958625871
1761587,11.0,73.03152596826146,18.07927497545809,6.106833507004676
1761588,17.0,73.04240377107047,18.07927497545809,6.626340001033536
1761589,105.0,73.05328157387946,18.07927497545809,7.31020875655822
1761590,203.0,73.06415937668847,18.07927497545809,8.117002294430504
1761591,208.0,73.07503717949744,18.07927497545809,9.013773036816012
1761592,252.0,73.08591498230645,18.07927497545809,9.976286202734192
1761593,309.0,73.09679278511544,18.07927497545809,10.987277750499617
1761594,224.0,73.10767058792443,18.07927497545809,12.034536229640562
1761595,229.0,73.11854839073344,18.07927497545809,13.109372833458657
1761596,216.0,73.12942619354243,18.07927497545809,14.205528988349261
1761597,230.0,73.14030399635142,18.07927497545809,15.318428624346115
1761598,260.0,73.15118179916041,18.07927497545809,16.44467272789853
1761599,273.0,73.16205960196942,18.07927497545809,17.581697035963096
1761600,202.0,73.17293740477841,18.07927497545809,18.727538122486806
1761601,334.0,73.18381520758741,18.07927497545809,19.88067155611721
1762428,11.0,73.00977036264348,18.070128633761243,6.7422973374760184
1762429,102.0,73.02064816545246,18.070128633761247,6.800142046872508
1762430,68.0,73.03152596826148,18.070128633761247,7.066901319285319
1762431,38.0,73.04240377107045,18.070128633761243,7.520376359167584
1762432,31.0,73.05328157387946,18.070128633761247,8.129380716800961
1762433,50.0,73.06415937668845,18.070128633761247,8.861907527276884
1762434,158.0,73.07503717949743,18.070128633761247,9.689983649802727
1762435,226.0,73.08591498230645,18.070128633761243,10.591221137012706
1762436,290.0,73.09679278511543,18.070128633761247,11.548504281543524
1762437,196.0,73.11310948932893,18.070128633761247,13.062391146256221
1762438,182.0,73.12942619354243,18.070128633761247,14.643931596844679
1762439,209.0,73.14030399635142,18.070128633761247,15.725836521260838
1762440,218.0,73.15118179916043,18.070128633761243,16.824831051216485
1762441,294.0,73.16205960196942,18.070128633761247,17.937774372497504
1762442,129.0,73.17293740477841,18.070128633761247,19.062223451198744
1762443,335.0,73.18381520758741,18.070128633761247,20.19625659117161
1763269,25.0,73.00977036264348,18.06098180989034,7.75683713895085
1763270,116.0,73.02064816545246,18.060981809890343,7.807168556583982
1763271,28.0,73.03152596826148,18.060981809890343,8.04058724657514
1763272,7.0,73.04240377107045,18.06098180989034,8.441919781471372
1763273,8.0,73.05328157387946,18.060981809890343,8.988702901529534
1763274,16.0,73.06415937668845,18.060981809890343,9.65625983677308
1763275,61.0,73.07503717949743,18.060981809890343,10.421407397598193
1763276,158.0,73.08591498230645,18.06098180989034,11.264276016965125
1763277,269.0,73.09679278511543,18.060981809890343,12.168726316015958
1763278,266.0,73.10767058792445,18.060981809890343,13.122030713653647
1763279,275.0,73.11854839073342,18.06098180989034,14.114293601668408
1763280,187.0,73.12942619354243,18.060981809890343,15.137855912457882
1763281,225.0,73.14030399635142,18.060981809890343,16.186781128646032
1763282,189.0,73.15118179916043,18.06098180989034,17.256444851569206
1763283,244.0,73.16205960196942,18.060981809890343,18.34321941350259
1763284,75.0,73.17293740477841,18.060981809890343,19.444235956105388
1764100,12.0,73.00977036264348,18.051834504055,8.771605741532243
1764101,10.0,73.02064816545246,18.05183450405501,8.81614574264628
1764102,4.0,73.05328157387946,18.05183450405501,9.877718599789729
1764103,11.0,73.06415937668845,18.05183450405501,10.488846405584523
1764104,24.0,73.07503717949743,18.05183450405501,11.19724417128522
1764105,53.0,73.08591498230645,18.051834504055,11.98567724707494
1764106,140.0,73.09679278511543,18.05183450405501,12.839409839971843
1764107,197.0,73.10767058792445,18.05183450405501,13.746280767347077
1764108,224.0,73.11854839073342,18.051834504055,14.696456333374108
1764109,229.0,73.12942619354243,18.05183450405501,15.682067035662188
1764110,71.0,73.14030399635142,18.05183450405501,16.69683886822167
1764111,144.0,73.15118179916043,18.051834504055,17.73576707672729
1764112,173.0,73.16205960196942,18.05183450405501,18.794846190819573
1764928,10.0,73.00977036264348,18.04268671646492,9.786548600060865
1764929,7.0,73.02064816545246,18.04268671646492,9.826489300460556
1764930,4.0,73.06415937668845,18.04268671646492,11.351271520690053
1764931,17.0,73.07503717949743,18.04268671646492,12.008902666266664
1764932,18.0,73.08591498230645,18.04268671646492,12.747232063766697
1764933,60.0,73.09679278511543,18.04268671646492,13.55307755660136
1764934,130.0,73.10767058792445,18.04268671646492,14.41512057359292
1764935,115.0,73.11854839073342,18.04268671646492,15.323879893005032
1764936,251.0,73.12942619354243,18.04268671646492,16.271530128647655
1764937,173.0,73.15118179916043,18.04268671646492,18.259049811433112
1764938,310.0,73.18381520758741,18.04268671646492,21.40576418656585
1765735,2.0,73.04457933163228,18.042686716464928,10.418584857586406
1765736,29.0,73.14030399635142,18.0381126420774,17.544552564110152
1765769,0.0,73.00977036264348,18.033538447329857,10.801631651650744
1765770,5.0,73.06415937668845,18.033538447329857,12.237241436411189
1765771,18.0,73.07503717949743,18.033538447329857,12.849609180222426
1765772,17.0,73.08591498230645,18.033538447329857,13.54217996203387
1765773,25.0,73.09679278511543,18.033538447329857,14.303308152026979
1765774,34.0,73.10767058792445,18.033538447329857,15.12264573372701
1765775,105.0,73.11854839073342,18.033538447329857,15.991247850365955
1765776,229.0,73.12942619354243,18.033538447329857,16.901520806249305
1765777,57.0,73.15118179916043,18.033538447329857,18.822635651071433
1765778,206.0,73.18381520758741,18.033538447329857,21.88847763658896
1766620,5.0,73.05328157387946,18.024389696859608,12.659612488644152
1766621,14.0,73.06415937668847,18.024389696859608,13.14200755386956
1766622,27.0,73.07503717949744,18.024389696859608,13.714034441308867
1766623,30.0,73.08591498230645,18.02438969685961,14.364989477790429
1766624,32.0,73.09679278511544,18.024389696859608,15.084658055945397
1766625,47.0,73.10767058792443,18.024389696859608,15.863691202261398
1766626,209.0,73.11854839073344,18.02438969685961,16.693780050809018
1766627,219.0,73.12942619354243,18.024389696859608,17.567688810341714
1766628,150.0,73.14030399635142,18.024389696859608,18.479201601188315
1766629,36.0,73.16205960196942,18.024389696859608,20.39467349487527
1766630,194.0,73.17293740477841,18.024389696859608,21.390355780757154
1766631,263.0,73.18381520758741,18.024389696859608,22.40686809485838
1767410,29.0,73.15480773343009,18.01829026257465,20.15641257734485
1767443,88.0,73.00977036264348,18.015240465264053,12.832135915897402
1767444,11.0,73.03152596826148,18.015240465264057,13.005623131308996
1767445,192.0,73.04240377107045,18.015240465264053,13.257495968721036
1767446,123.0,73.05328157387946,18.015240465264057,13.612199293862043
1767447,59.0,73.06415937668845,18.015240465264057,14.061953768915956
1767448,39.0,73.07503717949743,18.015240465264057,14.597976637553822
1767449,32.0,73.08591498230645,18.015240465264053,15.211150645175811
1767450,179.0,73.09679278511543,18.015240465264057,15.892548251238757
1767451,181.0,73.10767058792445,18.015240465264057,16.63378729616086
1767452,248.0,73.11854839073342,18.015240465264053,17.42723367714895
1767453,228.0,73.12942619354243,18.015240465264057,18.266085278192175
1767454,57.0,73.14030399635142,18.015240465264057,19.144374449705694
1767455,90.0,73.17293740477841,18.015240465264057,21.967555660121914
1767456,253.0,73.18381520758741,18.015240465264057,22.80070995196407
1768272,7.0,73.00977036264348,18.006090752753142,13.847531002640423
1768273,77.0,73.02064816545246,18.006090752753135,13.875787305224236
1768274,65.0,73.03152596826148,18.006090752753135,14.008448727060939
1768275,165.0,73.04240377107045,18.006090752753142,14.242598150115663
1768276,204.0,73.05328157387946,18.006090752753135,14.573344582520305
1768277,52.0,73.06415937668845,18.006090752753135,14.994297132716333
1768278,127.0,73.07503717949743,18.006090752753135,15.498107130086009
1768279,146.0,73.08591498230645,18.006090752753142,16.07698686493387
1768280,219.0,73.09679278511543,18.006090752753135,16.723142426679495
1768281,175.0,73.10767058792445,18.006090752753135,17.42909299186214
1768282,174.0,73.11854839073342,18.006090752753142,18.18787718077561
1768283,131.0,73.12942619354243,18.006090752753135,18.993163877965266
1768284,29.0,73.14030399635142,18.006090752753135,19.83929121152265
1768285,167.0,73.15118179916043,18.006090752753142,20.52721873605526
1768286,95.0,73.16205960196942,18.006090752753135,20.920869696783576
1768287,35.0,73.17293740477841,18.006090752753135,21.37556251025725
1768288,170.0,73.18381520758741,18.006090752753135,21.887493239706835
1769117,7.0,73.02064816545246,17.996940559536853,14.88933920951061
1769118,15.0,73.03152596826148,17.996940559536853,15.01304714222743
1769119,101.0,73.04240377107045,17.996940559536853,15.23176125146885
1769120,187.0,73.05328157387946,17.996940559536853,15.541471007498675
1769121,167.0,73.06415937668845,17.996940559536853,15.93687219187734
1769122,116.0,73.07503717949743,17.996940559536853,16.411772401897082
1769123,123.0,73.08591498230645,17.996940559536853,16.95949455058511
1769124,185.0,73.09679278511543,17.996940559536853,17.57323081789617
1769125,162.0,73.10767058792445,17.996940559536853,18.246321033979044
1769126,164.0,73.11854839073342,17.996940559536853,18.7393771996537
1769127,68.0,73.12942619354243,17.996940559536853,18.94024619371224
1769128,10.0,73.14030399635142,17.996940559536853,19.215030519208163
1769129,212.0,73.15118179916043,17.996940559536853,19.560615372680353
1769130,209.0,73.16205960196942,17.996940559536853,19.97332605226052
1769131,87.0,73.17293740477841,17.996940559536853,20.449098692852626
1769132,223.0,73.18381520758741,17.996940559536853,20.983644226833526
1769961,4.0,73.02064816545246,17.98778988582526,15.903214811149585
1769962,2.0,73.03152596826148,17.98778988582526,16.019094972202414
1769963,4.0,73.04240377107045,17.987789885825265,16.224252526863385
1769964,156.0,73.05328157387946,17.98778988582526,16.51536073813162
1769965,2.0,73.06415937668845,17.98778988582526,16.887975440944093
1769966,58.0,73.07503717949743,17.98778988582526,17.336842059768795
1769967,2.0,73.08591498230645,17.987789885825265,17.5859417341894
1769968,86.0,73.09679278511543,17.98778988582526,17.552395931648892
1769969,8.0,73.10767058792445,17.98778988582526,17.60180851880259
1769970,154.0,73.11854839073342,17.987789885825265,17.73348604341434
1769971,5.0,73.12942619354243,17.98778988582526,17.945617718526368
1769972,231.0,73.14030399635142,17.98778988582526,18.235395999954534
1769973,216.0,73.15118179916043,17.987789885825265,18.59919200339115
1769974,267.0,73.16205960196942,17.98778988582526,19.032761833506072
1769975,144.0,73.17293740477841,17.98778988582526,19.53145941221709
1769976,213.0,73.18381520758741,17.98778988582526,20.090435397456684
1770793,3.0,73.04240377107045,17.97863873182848,17.219505916861007
1770794,0.0,73.06415937668845,17.97863873182848,16.903968346867945
1770795,1.0,73.08591498230645,17.97863873182848,16.57224325834034
1770796,2.0,73.09679278511543,17.97863873182848,16.536641221139213
1770797,245.0,73.14574289775592,17.97863873182848,17.442454806344582
1770798,264.0,73.16205960196942,17.97863873182848,18.10027411246254
1770799,216.0,73.17293740477841,17.97863873182848,18.62395786900302
1770800,225.0,73.18381520758741,17.97863873182848,19.20935955191366
1771628,4.0,73.12072395129522,17.97497813579699,16.366361414499963
1771645,154.0,73.05328157387946,17.96948709775669,16.220547385459557
1771646,164.0,73.06415937668847,17.96948709775669,15.911631027727928
1771647,181.0,73.07503717949744,17.96948709775669,15.689794465490603
1771648,194.0,73.08591498230645,17.96948709775669,15.5587628911896
1771649,56.0,73.09679278511544,17.96948709775669,15.520836284405966
1771650,109.0,73.10767058792443,17.96948709775669,15.5766947443466
1771651,206.0,73.14030399635142,17.96948709775669,16.289242563763533
1771652,243.0,73.15118179916041,17.96948709775669,16.695499369738656
1771653,247.0,73.16205960196942,17.96948709775669,17.177187751111454
1771654,242.0,73.17293740477841,17.96948709775669,17.728160163904526
1771655,235.0,73.18381520758741,17.96948709775669,18.34217409374768
1772496,13.0,73.04240377107045,17.96033498382014,15.666724439019442
1772497,137.0,73.05328157387946,17.96033498382014,15.25137027281905
1772498,157.0,73.06415937668845,17.96033498382014,14.922403951014562
1772499,204.0,73.07503717949743,17.96033498382014,14.685632028756427
1772500,246.0,73.08591498230645,17.96033498382014,14.54555741176488
1772501,220.0,73.09679278511543,17.96033498382014,14.504981788407118
1772502,135.0,73.10767058792445,17.96033498382014,14.564736759490334
1772503,182.0,73.11854839073342,17.96033498382014,14.723600816125623
1772504,211.0,73.12942619354243,17.96033498382014,14.978420779245894
1772505,160.0,73.14030399635142,17.96033498382014,15.324410625398139
1772506,216.0,73.15118179916043,17.96033498382014,15.755565268172798
1772507,240.0,73.16205960196942,17.96033498382014,16.265113487203926
1772508,255.0,73.17293740477841,17.96033498382014,16.845943146993616
1772509,253.0,73.18381520758741,17.96033498382014,17.490954467953948
1773356,3.0,73.04240377107045,17.95118239022914,14.731157431891726
1773357,82.0,73.05328157387946,17.951182390229143,14.288633238824806
1773358,114.0,73.06415937668845,17.951182390229143,13.936961085985546
1773359,177.0,73.07503717949743,17.951182390229143,13.683147763546845
1773360,213.0,73.08591498230645,17.95118239022914,13.532700582439487
1773361,292.0,73.09679278511543,17.951182390229143,13.489078594071671
1773362,211.0,73.10767058792445,17.951182390229143,13.553313303700664
1773363,138.0,73.11854839073342,17.95118239022914,13.723890324089043
1773364,225.0,73.12942619354243,17.951182390229143,13.99692229296018
1773365,106.0,73.14030399635142,17.951182390229143,14.366569028506278
1773366,206.0,73.15118179916043,17.95118239022914,14.825605604988379
1773367,233.0,73.16205960196942,17.951182390229143,15.366022952821707
1773368,270.0,73.17293740477841,17.951182390229143,15.979566488073498
1773369,172.0,73.18381520758741,17.951182390229143,16.658158146537644
1774187,126.0,73.04240377107045,17.942029317194045,13.806906820942437
1774188,160.0,73.05328157387946,17.942029317194045,13.333743529581122
1774189,168.0,73.06415937668845,17.942029317194045,12.95617848716483
1774190,221.0,73.07503717949743,17.942029317194045,12.682752437781572
1774191,231.0,73.08591498230645,17.942029317194045,12.520290001951475
1774192,60.0,73.09679278511543,17.942029317194045,12.473127835312196
1774193,207.0,73.10767058792445,17.942029317194045,12.542566650700595
1774194,134.0,73.11854839073342,17.942029317194045,12.72669801270671
1774195,123.0,73.12942619354243,17.942029317194045,13.020657063073392
1774196,24.0,73.14030399635142,17.942029317194045,13.417227073051762
1774197,145.0,73.15118179916043,17.942029317194045,13.9076330924306
1774198,188.0,73.16205960196942,17.942029317194045,14.482345737678026
1774199,230.0,73.17293740477841,17.942029317194045,15.13176201986269
1774200,126.0,73.18381520758741,17.942029317194045,15.846700272108889
1775003,91.0,73.05328157387946,17.932875764925303,12.388528975902322
1775004,3.0,73.09679278511543,17.932875764925303,11.457131040106198
1775005,88.0,73.10767058792445,17.932875764925303,11.532688839181942
1775006,187.0,73.11854839073342,17.932875764925303,11.73267982946598
1775007,6.0,73.12942619354243,17.932875764925303,12.05091050619363
1775008,10.0,73.14030399635142,17.932875764925303,12.478337870243703
1775009,178.0,73.15118179916043,17.932875764925303,13.004199010619446
1775010,166.0,73.16205960196942,17.932875764925303,13.61709483479372
1775011,163.0,73.17293740477841,17.932875764925303,14.305843404003971
1775012,87.0,73.18381520758741,17.932875764925303,15.06004127445144
1775807,2.0,73.08591498230643,17.928298809144078,11.002812600298027
1775834,3.0,73.05328157387946,17.923721733633386,11.455398973161424
1775835,2.0,73.06415937668847,17.923721733633386,11.013628380916211
1775836,1.0,73.07503717949744,17.923721733633386,10.690634149558598
1775837,4.0,73.10223168651994,17.923721733633386,10.465200510372242
1775838,5.0,73.11854839073344,17.923721733633386,10.742732028134288
1775839,36.0,73.12942619354243,17.923721733633386,11.0894075349328
1775840,9.0,73.14030399635142,17.923721733633386,11.552464302108643
1775841,74.0,73.15118179916041,17.923721733633386,12.118568700771256
1775842,46.0,73.16205960196942,17.923721733633386,12.774027837268175
1775843,70.0,73.17293740477841,17.923721733633386,13.505838402239984
1775844,46.0,73.1892541089919,17.92372173363339,14.72150226549246
1776667,14.0,73.06415937668845,17.91456722352885,10.055567211222177
1776668,101.0,73.07503717949743,17.91456722352885,9.700725763889428
1776669,131.0,73.08591498230645,17.91456722352885,9.48733538361008
1776670,186.0,73.09679278511543,17.91456722352885,9.425008697299631
1776671,97.0,73.10767058792445,17.91456722352885,9.516714198472101
1776672,156.0,73.11854839073342,17.91456722352885,9.758110127210424
1776673,248.0,73.12942619354243,17.91456722352885,10.138509816649425
1776674,142.0,73.14030399635142,17.91456722352885,10.64301899265274
1776675,46.0,73.15118179916043,17.91456722352885,11.254960203474937
1776676,72.0,73.16205960196942,17.91456722352885,11.957851354393675
1776677,46.0,73.17293740477841,17.91456722352885,12.73664370130109
1776678,200.0,73.18381520758741,17.91456722352885,13.57828341367898
1777496,12.0,73.06415937668845,17.905412234822315,9.110054038117791
1777497,26.0,73.07503717949743,17.905412234822315,8.716807499549812
1777498,58.0,73.08591498230645,17.905412234822315,8.478690070943715
1777499,212.0,73.09679278511543,17.905412234822315,8.408890627317817
1777500,241.0,73.10767058792445,17.905412234822315,8.511551079175888
1777501,276.0,73.11854839073342,17.905412234822315,8.78062445915929
1777502,200.0,73.12942619354243,17.905412234822315,9.201523457575734
1777503,185.0,73.14030399635142,17.905412234822315,9.754614595973878
1777504,159.0,73.15118179916043,17.905412234822315,10.418866628372985
1777505,228.0,73.16205960196942,17.905412234822315,11.174473663300404
1777506,191.0,73.17293740477841,17.905412234822315,12.004196991548932
1777507,226.0,73.18381520758741,17.905412234822315,12.893736196316777
1778326,92.0,73.06415937668845,17.89625676772446,8.181460278371272
1778327,31.0,73.07503717949743,17.89625676772446,7.741184708644312
1778328,5.0,73.08591498230645,17.896256767724456,7.472040753920871
1778329,175.0,73.09679278511543,17.89625676772446,7.392743015372174
1778330,202.0,73.10767058792445,17.89625676772446,7.5093081893448
1778331,272.0,73.11854839073342,17.896256767724456,7.812974696101427
1778332,265.0,73.12942619354243,17.89625676772446,8.283190306244155
1778333,215.0,73.14030399635142,17.89625676772446,8.893577099521167
1778334,207.0,73.15118179916043,17.896256767724456,9.61748353411427
1778335,235.0,73.16205960196942,17.89625676772446,10.431302380859975
1778336,230.0,73.17293740477841,17.89625676772446,11.315650804131995
1778337,180.0,73.18381520758741,17.89625676772446,12.25526991988957
1779181,5.0,73.06415937668845,17.88710082244601,7.276288831078284
1779182,2.0,73.07503717949743,17.88710082244601,6.777464685268097
1779183,3.0,73.08591498230645,17.88710082244601,6.46834444776775
1779184,100.0,73.09679278511543,17.88710082244601,6.376577150638243
1779185,147.0,73.10767058792445,17.88710082244601,6.511359024755781
1779186,244.0,73.11854839073342,17.88710082244601,6.859348399712226
1779187,239.0,73.12942619354243,17.88710082244601,7.390489057982889
1779188,244.0,73.14030399635142,17.88710082244601,8.068692613542481
1779189,217.0,73.15118179916043,17.88710082244601,8.860252614664699
1779190,195.0,73.16205960196942,17.88710082244601,9.737564183492845
1779191,223.0,73.17293740477841,17.88710082244601,10.679514969686627
1779192,209.0,73.18381520758741,17.88710082244601,11.67046390149328
1780015,13.0,73.08591498230645,17.877944399197766,5.469256789776272
1780016,6.0,73.09679278511543,17.877944399197766,5.360412866150117
1780017,112.0,73.11854839073342,17.877944399197766,5.926546246017207
1780018,162.0,73.12942619354243,17.877944399197766,6.533958865321297
1780019,54.0,73.14030399635142,17.877944399197766,7.292262367014846
1780020,80.0,73.15118179916043,17.877944399197766,8.159495470506652
1780021,112.0,73.16205960196942,17.877944399197766,9.104583799668639
1780022,176.0,73.17293740477841,17.877944399197766,10.105707789428049
1780023,210.0,73.18381520758741,17.877944399197766,11.147780838068343
1780813,8.0,73.10767058792445,17.87336600840086,5.028149120964816
1780846,138.0,73.09679278511544,17.86878749819058,4.344288531385212
1780847,12.0,73.11854839073344,17.86878749819058,5.026208029372206
1780848,51.0,73.12942619354243,17.86878749819058,5.729872180253917
1780849,204.0,73.14030399635142,17.86878749819058,6.581482141411459
1780850,238.0,73.15118179916041,17.86878749819058,7.531014744477412
1780851,208.0,73.16205960196942,17.86878749819058,8.545891580960156
1780852,190.0,73.17837630618291,17.86878749819058,10.147586660224821
1781663,120.0,73.09679278511543,17.859630119635398,3.328289345841807
1781664,134.0,73.10767058792445,17.859630119635398,3.5797444267532406
1781665,148.0,73.11854839073342,17.859630119635398,4.179405972173201
1781666,102.0,73.12942619354243,17.859630119635398,5.0036089303388955
1781667,221.0,73.14030399635142,17.859630119635398,5.9599139510094705
1781668,270.0,73.15118179916043,17.859630119635398,6.994344158480834
1781669,235.0,73.16205960196942,17.859630119635398,8.076938159924527
1781670,246.0,73.17293740477841,17.859630119635398,9.190691693194974
1781671,229.0,73.18381520758741,17.859630119635398,10.325526692990536
1782495,40.0,73.09679278511543,17.85047226374318,2.3126501823255214
1782496,107.0,73.10767058792445,17.85047226374318,2.661843544808198
1782497,181.0,73.11854839073342,17.85047226374317,3.426116632048529
1782498,160.0,73.12942619354243,17.85047226374318,4.393966684435981
1782499,215.0,73.14030399635142,17.85047226374318,5.458151262066993
1782500,287.0,73.15118179916043,17.85047226374317,6.5720385804891235
1782501,294.0,73.16205960196942,17.85047226374318,7.714128008751941
1782502,273.0,73.17293740477841,17.85047226374318,8.873536763632034
1782503,206.0,73.18381520758741,17.85047226374318,10.044269131391605
1783316,4.0,73.10767058792445,17.84131393072497,1.8500672807106529
1783317,175.0,73.11854839073342,17.84131393072497,2.841762316331582
1783318,180.0,73.12942619354243,17.84131393072497,3.9552852122258346
1783319,198.0,73.14574289775592,17.84131393072497,5.697755307717409
1783320,259.0,73.16205960196942,17.84131393072497,7.472958505272876
1783321,237.0,73.17293740477841,17.84131393072497,8.664698066386867
1783322,177.0,73.18381520758741,17.84131393072497,9.860257616814344
1784142,54.0,73.09679278511543,17.832155120791874,0.299744347453798
1784143,3.0,73.10767058792445,17.832155120791874,1.3516311867729702
1784144,5.0,73.11854839073342,17.832155120791878,2.54553942896661
1784145,29.0,73.12942619354243,17.832155120791874,3.7481247353781546
1784146,90.0,73.14030399635142,17.832155120791874,4.953070866404371
1784147,181.0,73.15118179916043,17.832155120791878,6.1589923616985915
1784148,219.0,73.16205960196942,17.832155120791874,7.365410154460608
1784149,134.0,73.17293740477841,17.832155120791874,8.572114704292606
1784150,242.0,73.18381520758741,17.832155120791874,9.778999856419189
1784964,160.0,73.09679278511543,17.822995834155076,0.7490977930625129
1784965,36.0,73.10767058792445,17.822995834155076,1.5159840681214074
1784966,86.0,73.11854839073342,17.82299583415507,2.636488538599253
1784967,76.0,73.12942619354243,17.822995834155076,3.8104776421984408
1784968,167.0,73.14030399635142,17.822995834155076,5.0004211659983575
1784969,255.0,73.18381520758741,17.822995834155076,9.803067837242947
1785772,7.0,73.09679278511544,17.81383607102578,1.7606572464131585
1785773,135.0,73.10767058792443,17.81383607102578,2.199312194884899
1785774,151.0,73.12398729213793,17.81383607102578,3.593006649407337
1785775,29.0,73.14030399635142,17.81383607102578,5.248140458594839
1785776,80.0,73.15118179916041,17.81383607102578,6.398691598831612
1785777,232.0,73.18381520758741,17.81383607102578,9.931712111079479
1786552,59.0,73.16568553623908,17.816889378332785,7.891133627242685
1786588,8.0,73.09679278511543,17.804675831615285,2.776052684189348
1786589,94.0,73.10767058792445,17.804675831615285,3.0730324919567136
1786590,147.0,73.11854839073342,17.804675831615285,3.7545163225091747
1786591,178.0,73.12942619354243,17.804675831615285,4.654574187132261
1786592,232.0,73.14030399635142,17.804675831615285,5.670055805650252
1786593,203.0,73.15118179916043,17.804675831615285,6.749059841416858
1786594,101.0,73.16205960196942,17.804675831615285,7.86548717976171
1786595,80.0,73.18381520758741,17.804675831615285,10.160977316351556
1787399,16.0,73.10767058792445,17.79551511613494,4.014747033516566
1787400,151.0,73.11854839073342,17.79551511613494,4.557527604139793
1787401,193.0,73.12942619354243,17.79551511613494,5.323506918378741
1787402,228.0,73.14030399635142,17.79551511613494,6.23090666642476
1787403,253.0,73.15118179916043,17.79551511613494,7.226650246797207
1787404,229.0,73.16205960196942,17.79551511613494,8.278922249997532
1787405,179.0,73.17293740477841,17.79551511613494,9.3686945398824
1787406,59.0,73.1892541089919,17.79551511613494,11.04931651221438
1788222,4.0,73.11854839073342,17.786353924796156,5.4326932147423355
1788223,12.0,73.12942619354243,17.786353924796156,6.089566783691393
1788224,70.0,73.14574289775592,17.786353924796156,7.3418633908298165
1788225,216.0,73.16205960196942,17.786353924796156,8.79111206415408
1788226,202.0,73.17293740477841,17.786353924796156,9.824232035362026
1788227,199.0,73.18381520758741,17.786353924796156,10.893265018943149
1789047,10.0,73.12942619354243,17.777192257810402,6.920597949192032
1789048,153.0,73.14030399635142,17.777192257810402,7.640624840288336
1789049,146.0,73.15118179916043,17.777192257810405,8.472273830198372
1789050,161.0,73.16749850337392,17.777192257810402,9.866456814626613
1789051,196.0,73.18381520758741,17.777192257810402,11.378711488312458
1789865,15.0,73.12942619354243,17.76803011538922,7.795871011083813
1789866,167.0,73.14030399635142,17.76803011538922,8.441568384910896
1789867,188.0,73.15118179916043,17.76803011538922,9.201106058565175
1789868,162.0,73.16205960196942,17.76803011538922,10.04870302740283
1789869,172.0,73.17293740477841,17.76803011538922,10.963955321554941
1789870,184.0,73.18381520758741,17.76803011538922,11.931303532361829
1790677,188.0,73.14030399635142,17.758867497744202,9.284955777118235
1790678,206.0,73.15118179916041,17.7588674977442,9.980515001084147
1790679,220.0,73.16205960196942,17.758867497744202,10.76692897342826
1790680,176.0,73.17293740477841,17.758867497744202,11.625774953910257
1790681,172.0,73.18381520758741,17.758867497744202,12.542182065624148
1791476,92.0,73.14030399635142,17.74970440508699,10.160238697310392
1791477,173.0,73.15118179916043,17.749704405086995,10.79957065304701
1791478,210.0,73.16205960196942,17.74970440508699,11.530256116935618
1791479,204.0,73.17293740477841,17.74970440508699,12.336072709020863
1791480,171.0,73.18381520758741,17.74970440508699,13.203271472273315
1792294,165.0,73.14030399635142,17.740540837629325,11.059861568340088
1792295,188.0,73.15118179916043,17.740540837629325,11.649927631306713
1792296,202.0,73.16205960196942,17.740540837629325,12.33032415010464
1792297,212.0,73.17293740477841,17.740540837629325,13.086969756470433
1792298,181.0,73.18381520758741,17.740540837629325,13.907424818961589
1793099,178.0,73.14030399635142,17.731376795582968,11.97835495741555
1793100,196.0,73.15118179916043,17.731376795582968,12.525225083393885
1793101,185.0,73.16205960196942,17.731376795582968,13.16044616347217
1793102,226.0,73.17293740477841,17.731376795582968,13.871886208507028
1793103,188.0,73.18381520758741,17.731376795582968,14.648444104070045
1793895,14.0,73.14030399635142,17.72221227915976,12.91170476992526
1793896,99.0,73.15118179916043,17.72221227915976,13.420595961787551
1793897,24.0,73.16205960196942,17.72221227915976,14.015294353010157
1793898,133.0,73.17293740477841,17.72221227915976,14.685379108543179
1793899,187.0,73.18381520758741,17.72221227915976,15.42102614127651
1794694,10.0,73.14030399635142,17.71304728857161,13.856920885605785
1794695,14.0,73.15118179916043,17.71304728857161,14.332289849628893
1794696,132.0,73.16205960196942,17.71304728857161,14.890621617842069
1794697,186.0,73.17293740477841,17.71304728857161,15.522966724368882
1794698,196.0,73.18381520758741,17.71304728857161,16.22067149085267
1795482,37.0,73.14030399635142,17.703881824030464,14.81174254377518
1795483,110.0,73.15118179916041,17.703881824030464,15.257391424712742
1795484,113.0,73.16205960196942,17.703881824030464,15.783031170180442
1795485,128.0,73.17293740477841,17.703881824030464,16.380963240267818
1795486,195.0,73.18381520758741,17.703881824030464,17.043580737840934
1796282,98.0,73.14030399635142,17.694715885748366,15.774435734900901
1796283,43.0,73.15118179916043,17.694715885748366,16.193612897014557
1796284,47.0,73.16205960196942,17.694715885748366,16.689792643718683
1796285,235.0,73.18381520758741,17.694715885748366,17.88655220937622
1797046,133.0,73.17293740477841,17.690132739020726,17.699733950806937
1797080,106.0,73.13486509494693,17.68554947393738,16.57537878661341
1797081,140.0,73.15118179916043,17.68554947393738,17.139141440060474
1797082,150.0,73.16205960196942,17.68554947393738,17.608698110149092
1797083,215.0,73.18381520758741,17.68554947393738,18.746888290667957
1797871,145.0,73.14030399635142,17.676382588809666,17.718330880592664
1797872,170.0,73.15118179916043,17.676382588809666,18.09252677483168
1797873,152.0,73.16205960196942,17.676382588809666,18.537950397224915
1797874,166.0,73.17293740477841,17.676382588809666,19.049605998290083
1798612,171.0,73.18381520758741,17.671798968818337,20.06507067480189
1798658,131.0,73.14030399635142,17.667215230577412,18.697625786313147
1798659,130.0,73.15118179916043,17.667215230577415,19.05259787926113
1798660,175.0,73.16749850337392,17.667215230577412,19.71215442740501
1799435,126.0,73.14030399635142,17.658047399452894,19.68085607079167
1799436,141.0,73.15118179916043,17.658047399452897,20.01840082481715
1799437,157.0,73.16205960196942,17.658047399452894,20.421862094701964
1799438,168.0,73.17293740477841,17.658047399452894,20.887420500749798
1799439,157.0,73.18381520758741,17.658047399452894,21.411025731231096
1800220,13.0,73.14030399635142,17.648879095648446,20.667467809322808
1800221,109.0,73.15118179916041,17.64887909564845,20.98915199700066
1800222,142.0,73.16205960196942,17.648879095648446,21.37429721383143
1800223,167.0,73.17293740477841,17.648879095648446,21.81954319286543
1800224,169.0,73.18381520758741,17.648879095648446,22.24980730156475
1801003,7.0,73.14030399635142,17.639710319376444,21.6570062412276
1801004,57.0,73.15118179916043,17.639710319376448,21.96420258594407
1801005,111.0,73.16205960196942,17.639710319376444,21.73854762383568
1801006,117.0,73.17293740477841,17.639710319376444,21.458340531817633
1801007,136.0,73.18381520758741,17.639710319376444,21.243166145686974
1801779,88.0,73.14030399635142,17.630541070849347,21.536194348052124
1801780,30.0,73.15118179916043,17.630541070849347,21.115681014980943
1801781,46.0,73.16205960196942,17.630541070849347,20.75697729400778
1801782,61.0,73.17293740477841,17.630541070849347,20.463333842989275
1801783,134.0,73.18381520758741,17.630541070849347,20.23758289627109
