,Elevation,Longitude,Latitude
1725095,83.0,72.91187013736253,18.453857254556876
1725096,175.0,72.9227479401715,18.453857254556876
1725097,165.0,72.93362574298051,18.453857254556876
1725098,112.0,72.94450354578949,18.453857254556876
1725099,238.0,72.9553813485985,18.453857254556876
1725100,224.0,72.96625915140748,18.453857254556876
1725101,49.0,72.97713695421649,18.453857254556876
1725102,33.0,73.04240377107045,18.453857254556876
1725103,179.0,73.05328157387946,18.453857254556876
1725104,129.0,73.06415937668845,18.453857254556876
1725105,4.0,73.10767058792445,18.453857254556876
1725106,197.0,73.11854839073342,18.453857254556876
1725107,16.0,73.12942619354243,18.453857254556876
1725108,10.0,73.14030399635142,18.453857254556876
1725109,12.0,73.15118179916043,18.453857254556876
1725110,154.0,73.16205960196942,18.453857254556876
1725111,17.0,73.17293740477841,18.453857254556876
1725112,141.0,73.18381520758741,18.453857254556876
1726007,40.0,72.91187013736253,18.444730861721105
1726008,246.0,72.9227479401715,18.444730861721105
1726009,248.0,72.93362574298051,18.444730861721105
1726010,221.0,72.94450354578949,18.444730861721105
1726011,272.0,72.9553813485985,18.444730861721105
1726012,51.0,72.96625915140748,18.444730861721105
1726013,30.0,72.97713695421649,18.444730861721105
1726014,9.0,72.9880147570255,18.444730861721105
1726015,3.0,73.02064816545246,18.444730861721105
1726016,38.0,73.04240377107045,18.444730861721105
1726017,188.0,73.05328157387946,18.444730861721105
1726018,142.0,73.06415937668845,18.444730861721105
1726019,115.0,73.08047608090195,18.444730861721105
1726020,4.0,73.09679278511543,18.444730861721105
1726021,5.0,73.12942619354243,18.444730861721105
1726022,7.0,73.14030399635142,18.444730861721105
1726023,11.0,73.15118179916043,18.444730861721105
1726024,78.0,73.16205960196942,18.444730861721105
1726025,12.0,73.17293740477841,18.444730861721105
1726026,15.0,73.18381520758741,18.444730861721105
1726913,5.0,72.91187013736253,18.435603978169954
1726914,198.0,72.9227479401715,18.43560397816995
1726915,275.0,72.93362574298051,18.43560397816995
1726916,248.0,72.94450354578949,18.435603978169954
1726917,284.0,72.9553813485985,18.43560397816995
1726918,70.0,72.96625915140748,18.43560397816995
1726919,14.0,72.97713695421649,18.435603978169954
1726920,6.0,72.9880147570255,18.43560397816995
1726921,38.0,73.02064816545246,18.43560397816995
1726922,31.0,73.03152596826148,18.43560397816995
1726923,64.0,73.04240377107045,18.435603978169954
1726924,109.0,73.05328157387946,18.43560397816995
1726925,131.0,73.06415937668845,18.43560397816995
1726926,177.0,73.07503717949743,18.43560397816995
1726927,149.0,73.08591498230645,18.435603978169954
1726928,3.0,73.10767058792445,18.440167481272006
1726929,4.0,73.12398729213793,18.43560397816995
1726930,6.0,73.14030399635142,18.43560397816995
1726931,10.0,73.15118179916043,18.435603978169954
1726932,53.0,73.16205960196942,18.43560397816995
1726933,11.0,73.17293740477841,18.43560397816995
1726934,13.0,73.18381520758741,18.43560397816995
1727838,4.0,72.91187013736253,18.426476604110483
1727839,19.0,72.9227479401715,18.426476604110483
1727840,169.0,72.93362574298051,18.426476604110483
1727841,304.0,72.94450354578949,18.426476604110483
1727842,292.0,72.9553813485985,18.426476604110483
1727843,214.0,72.96625915140748,18.426476604110483
1727844,92.0,72.97713695421649,18.426476604110483
1727845,13.0,72.9880147570255,18.426476604110483
1727846,5.0,73.00433146123898,18.426476604110483
1727847,12.0,73.02064816545246,18.426476604110483
1727848,16.0,73.04240377107045,18.426476604110483
1727849,77.0,73.05328157387946,18.426476604110483
1727850,67.0,73.06415937668845,18.426476604110483
1727851,96.0,73.07503717949743,18.426476604110483
1727852,106.0,73.08591498230645,18.426476604110483
1727853,163.0,73.09679278511543,18.426476604110483
1727854,146.0,73.11310948932893,18.426476604110483
1727855,7.0,73.14030399635142,18.426476604110483
1727856,12.0,73.16749850337392,18.426476604110483
1728749,22.0,73.12942619354243,18.421912733204866
1728792,81.0,72.9227479401715,18.41734873974985
1728793,148.0,72.93362574298051,18.41734873974985
1728794,260.0,72.94450354578949,18.417348739749844
1728795,228.0,72.9553813485985,18.41734873974985
1728796,208.0,72.96625915140748,18.41734873974985
1728797,182.0,72.97713695421649,18.417348739749844
1728798,109.0,72.9880147570255,18.41734873974985
1728799,22.0,72.99889255983447,18.41734873974985
1728800,10.0,73.00977036264348,18.417348739749844
1728801,15.0,73.02790003399181,18.420391415668515
1728802,44.0,73.04240377107045,18.417348739749844
1728803,128.0,73.05328157387946,18.41734873974985
1728804,94.0,73.06415937668845,18.41734873974985
1728805,133.0,73.07503717949743,18.41734873974985
1728806,145.0,73.08591498230645,18.417348739749844
1728807,202.0,73.09679278511543,18.41734873974985
1728808,158.0,73.10767058792445,18.41734873974985
1728809,192.0,73.11854839073342,18.417348739749844
1728810,9.0,73.14030399635142,18.41734873974985
1728811,10.0,73.15118179916043,18.417348739749844
1728812,13.0,73.16205960196942,18.41734873974985
1728813,19.0,73.17293740477841,18.41734873974985
1728814,13.0,73.18381520758741,18.41734873974985
1729732,157.0,72.92274794017152,18.408220385295255
1729733,232.0,72.93362574298051,18.408220385295255
1729734,231.0,72.9445035457895,18.408220385295255
1729735,147.0,72.95538134859851,18.408220385295255
1729736,114.0,72.96625915140748,18.408220385295255
1729737,203.0,72.97713695421648,18.408220385295255
1729738,228.0,72.9880147570255,18.408220385295255
1729739,192.0,72.99889255983449,18.408220385295255
1729740,19.0,73.00977036264347,18.408220385295255
1729741,20.0,73.02064816545247,18.408220385295255
1729742,18.0,73.03152596826146,18.408220385295255
1729743,19.0,73.04240377107047,18.408220385295255
1729744,34.0,73.05328157387946,18.408220385295255
1729745,77.0,73.06415937668847,18.408220385295255
1729746,152.0,73.07503717949744,18.408220385295255
1729747,211.0,73.08591498230645,18.408220385295255
1729748,219.0,73.09679278511544,18.408220385295255
1729749,237.0,73.10767058792443,18.408220385295255
1729750,222.0,73.11854839073344,18.408220385295255
1729751,204.0,73.12942619354243,18.408220385295255
1729752,13.0,73.14030399635142,18.408220385295255
1729753,11.0,73.15118179916041,18.408220385295255
1729754,16.0,73.16205960196942,18.408220385295255
1729755,35.0,73.17293740477841,18.408220385295255
1729756,136.0,73.18381520758741,18.408220385295255
1730653,64.0,72.9227479401715,18.399091540953968
1730654,144.0,72.93362574298051,18.399091540953968
1730655,138.0,72.94450354578949,18.399091540953968
1730656,64.0,72.9553813485985,18.399091540953968
1730657,40.0,72.96625915140748,18.399091540953968
1730658,147.0,72.97713695421649,18.399091540953968
1730659,108.0,72.9880147570255,18.399091540953968
1730660,240.0,72.99889255983447,18.399091540953968
1730661,196.0,73.00977036264348,18.399091540953968
1730662,29.0,73.02064816545246,18.399091540953968
1730663,137.0,73.04240377107045,18.399091540953968
1730664,38.0,73.05328157387946,18.399091540953968
1730665,58.0,73.06415937668845,18.399091540953968
1730666,78.0,73.07503717949743,18.399091540953968
1730667,164.0,73.08591498230645,18.399091540953968
1730668,173.0,73.09679278511543,18.399091540953968
1730669,163.0,73.10767058792445,18.399091540953968
1730670,245.0,73.11854839073342,18.399091540953968
1730671,256.0,73.12942619354243,18.399091540953968
1730672,54.0,73.14030399635142,18.399091540953968
1730673,15.0,73.15118179916043,18.399091540953968
1730674,18.0,73.16205960196942,18.399091540953968
1730675,190.0,73.17293740477841,18.399091540953968
1730676,286.0,73.18381520758741,18.399091540953968
1731523,43.0,73.03152596826148,18.3945269351406
1731572,4.0,72.9227479401715,18.389962206933316
1731573,7.0,72.93362574298051,18.389962206933316
1731574,69.0,72.94450354578949,18.38996220693332
1731575,10.0,72.9553813485985,18.389962206933316
1731576,61.0,72.96625915140748,18.389962206933316
1731577,32.0,72.97713695421649,18.38996220693332
1731578,48.0,72.9880147570255,18.389962206933316
1731579,164.0,72.99889255983447,18.389962206933316
1731580,331.0,73.00977036264348,18.38996220693332
1731581,84.0,73.02064816545246,18.389962206933316
1731582,185.0,73.04240377107045,18.38996220693332
1731583,95.0,73.05328157387946,18.389962206933316
1731584,141.0,73.06415937668845,18.389962206933316
1731585,124.0,73.07503717949743,18.389962206933316
1731586,213.0,73.08591498230645,18.38996220693332
1731587,151.0,73.09679278511543,18.389962206933316
1731588,107.0,73.10767058792445,18.389962206933316
1731589,120.0,73.11854839073342,18.38996220693332
1731590,189.0,73.12942619354243,18.389962206933316
1731591,180.0,73.14030399635142,18.389962206933316
1731592,20.0,73.15118179916043,18.38996220693332
1731593,21.0,73.16205960196942,18.389962206933316
1731594,258.0,73.17293740477841,18.389962206933316
1731595,249.0,73.18381520758741,18.389962206933316
1732462,2.0,72.93362574298051,18.38083238344069
1732463,1.0,72.94450354578949,18.38083238344069
1732464,6.0,72.9553813485985,18.38083238344069
1732465,67.0,72.96625915140748,18.38083238344069
1732466,22.0,72.97713695421649,18.38083238344069
1732467,67.0,72.9880147570255,18.38083238344069
1732468,176.0,72.99889255983447,18.38083238344069
1732469,355.0,73.00977036264348,18.38083238344069
1732470,209.0,73.02064816545246,18.38083238344069
1732471,71.0,73.03152596826148,18.38083238344069
1732472,88.0,73.04240377107045,18.38083238344069
1732473,228.0,73.05328157387946,18.38083238344069
1732474,329.0,73.06415937668845,18.38083238344069
1732475,243.0,73.07503717949743,18.38083238344069
1732476,258.0,73.08591498230645,18.38083238344069
1732477,87.0,73.09679278511543,18.38083238344069
1732478,97.0,73.11310948932893,18.38083238344069
1732479,148.0,73.12942619354243,18.38083238344069
1732480,267.0,73.14030399635142,18.38083238344069
1732481,172.0,73.15118179916043,18.38083238344069
1732482,93.0,73.16205960196942,18.38083238344069
1732483,210.0,73.17293740477841,18.38083238344069
1732484,279.0,73.18381520758741,18.38083238344069
1733362,1.0,72.93362574298051,18.371702070683547
1733363,3.0,72.949942447194,18.371702070683547
1733364,22.0,72.96625915140748,18.371702070683547
1733365,20.0,72.97713695421649,18.371702070683547
1733366,24.0,72.9880147570255,18.371702070683547
1733367,85.0,72.99889255983447,18.371702070683547
1733368,321.0,73.00977036264348,18.371702070683547
1733369,318.0,73.02064816545246,18.371702070683547
1733370,169.0,73.03152596826148,18.371702070683547
1733371,121.0,73.04240377107045,18.371702070683547
1733372,279.0,73.05872047528396,18.371702070683547
1733373,303.0,73.07503717949743,18.371702070683547
1733374,162.0,73.08591498230645,18.371702070683547
1733375,75.0,73.09679278511543,18.371702070683547
1733376,74.0,73.10767058792445,18.371702070683547
1733377,83.0,73.11854839073342,18.371702070683547
1733378,116.0,73.12942619354243,18.371702070683547
1733379,211.0,73.14030399635142,18.371702070683547
1733380,248.0,73.15118179916043,18.371702070683547
1733381,239.0,73.16205960196942,18.371702070683547
1733382,256.0,73.17293740477841,18.371702070683547
1733383,245.0,73.18381520758741,18.371702070683547
1734271,5.0,72.9227479401715,18.362571268869402
1734272,3.0,72.93362574298051,18.362571268869402
1734273,10.0,72.94450354578949,18.362571268869402
1734274,25.0,72.9553813485985,18.362571268869402
1734275,20.0,72.96625915140748,18.362571268869402
1734276,47.0,72.97713695421649,18.362571268869402
1734277,31.0,72.9880147570255,18.362571268869402
1734278,73.0,72.99889255983447,18.362571268869402
1734279,294.0,73.00977036264348,18.362571268869402
1734280,356.0,73.02064816545246,18.362571268869402
1734281,293.0,73.03152596826148,18.362571268869402
1734282,204.0,73.04240377107045,18.362571268869402
1734283,266.0,73.05328157387946,18.362571268869402
1734284,263.0,73.06415937668845,18.362571268869402
1734285,278.0,73.07503717949743,18.362571268869402
1734286,140.0,73.08591498230645,18.362571268869402
1734287,90.0,73.09679278511543,18.362571268869402
1734288,107.0,73.10767058792445,18.362571268869402
1734289,65.0,73.12942619354243,18.362571268869402
1734290,57.0,73.14030399635142,18.362571268869402
1734291,240.0,73.15118179916043,18.362571268869402
1734292,247.0,73.16205960196942,18.362571268869402
1734293,207.0,73.17293740477841,18.362571268869402
1734294,204.0,73.18381520758741,18.362571268869402
1735156,57.0,73.11854839073344,18.358005684630818
1735191,81.0,72.92274794017152,18.353439978205838
1735192,21.0,72.93362574298051,18.353439978205838
1735193,57.0,72.9445035457895,18.353439978205838
1735194,109.0,72.95538134859851,18.353439978205838
1735195,229.0,72.96625915140748,18.353439978205838
1735196,132.0,72.97713695421648,18.353439978205838
1735197,121.0,72.9880147570255,18.353439978205838
1735198,188.0,72.99889255983449,18.353439978205838
1735199,260.0,73.00977036264347,18.353439978205838
1735200,335.0,73.02064816545247,18.353439978205838
1735201,318.0,73.03152596826146,18.353439978205838
1735202,303.0,73.04240377107047,18.353439978205838
1735203,241.0,73.05328157387946,18.353439978205838
1735204,275.0,73.06415937668847,18.353439978205838
1735205,172.0,73.07503717949744,18.353439978205838
1735206,39.0,73.08591498230645,18.353439978205838
1735207,89.0,73.09679278511544,18.353439978205838
1735208,100.0,73.10767058792443,18.353439978205838
1735209,39.0,73.12942619354243,18.353439978205838
1735210,124.0,73.14030399635142,18.353439978205838
1735211,197.0,73.15118179916041,18.353439978205838
1735212,229.0,73.16205960196942,18.353439978205838
1735213,192.0,73.17293740477841,18.353439978205838
1735214,214.0,73.18381520758741,18.353439978205838
1736115,30.0,72.9227479401715,18.344308198900485
1736116,10.0,72.94450354578949,18.344308198900485
1736117,73.0,72.9553813485985,18.344308198900485
1736118,177.0,72.96625915140748,18.344308198900485
1736119,199.0,72.97713695421649,18.344308198900485
1736120,162.0,72.9880147570255,18.344308198900485
1736121,148.0,72.99889255983447,18.344308198900485
1736122,257.0,73.00977036264348,18.344308198900485
1736123,280.0,73.02064816545246,18.344308198900485
1736124,281.0,73.03152596826148,18.344308198900485
1736125,282.0,73.04240377107045,18.344308198900485
1736126,194.0,73.05328157387946,18.344308198900485
1736127,245.0,73.06415937668845,18.344308198900485
1736128,190.0,73.07503717949743,18.344308198900485
1736129,38.0,73.08591498230645,18.344308198900485
1736130,23.0,73.09679278511543,18.344308198900485
1736131,52.0,73.10767058792445,18.344308198900485
1736132,61.0,73.11854839073342,18.344308198900485
1736133,21.0,73.12942619354243,18.344308198900485
1736134,117.0,73.14030399635142,18.344308198900485
1736135,224.0,73.15118179916043,18.344308198900485
1736136,200.0,73.16205960196942,18.344308198900485
1736137,231.0,73.17293740477841,18.344308198900485
1736138,181.0,73.1892541089919,18.344308198900485
1737033,99.0,72.96625915140748,18.335175931161068
1737034,5.0,72.97713695421649,18.335175931161068
1737035,3.0,72.9880147570255,18.335175931161068
1737036,5.0,72.99889255983447,18.335175931161068
1737037,199.0,73.00977036264348,18.335175931161068
1737038,148.0,73.02064816545246,18.335175931161068
1737039,235.0,73.03152596826148,18.335175931161068
1737040,200.0,73.04240377107045,18.335175931161068
1737041,78.0,73.05328157387946,18.335175931161068
1737042,166.0,73.06415937668845,18.335175931161068
1737043,261.0,73.07503717949743,18.335175931161068
1737044,115.0,73.08591498230645,18.335175931161068
1737045,2.0,73.09679278511543,18.335175931161068
1737046,12.0,73.10767058792445,18.335175931161068
1737047,29.0,73.11854839073342,18.335175931161068
1737048,27.0,73.12942619354243,18.335175931161068
1737049,71.0,73.14030399635142,18.335175931161068
1737050,28.0,73.15118179916043,18.335175931161068
1737051,64.0,73.16205960196942,18.335175931161068
1737052,102.0,73.17293740477841,18.335175931161068
1737053,242.0,73.18381520758741,18.335175931161068
1737946,13.0,72.96625915140748,18.326043175195334
1737947,3.0,72.97713695421649,18.326043175195334
1737948,2.0,72.9880147570255,18.326043175195334
1737949,7.0,72.99889255983447,18.326043175195334
1737950,115.0,73.00977036264348,18.326043175195334
1737951,223.0,73.02064816545246,18.326043175195334
1737952,278.0,73.03152596826148,18.326043175195334
1737953,219.0,73.04240377107045,18.326043175195334
1737954,69.0,73.05328157387946,18.326043175195334
1737955,122.0,73.06415937668845,18.326043175195334
1737956,209.0,73.07503717949743,18.326043175195334
1737957,2.0,73.08591498230645,18.326043175195334
1737958,1.0,73.10223168651994,18.326043175195334
1737959,2.0,73.11854839073342,18.326043175195334
1737960,28.0,73.12942619354243,18.326043175195334
1737961,75.0,73.14030399635142,18.326043175195334
1737962,105.0,73.15118179916043,18.326043175195334
1737963,152.0,73.16205960196942,18.326043175195334
1737964,150.0,73.17293740477841,18.326043175195334
1737965,185.0,73.18381520758741,18.326043175195334
1738828,12.0,72.96625915140748,18.316909931211114
1738829,1.0,72.98257585562098,18.316909931211114
1738830,8.0,72.99889255983447,18.316909931211114
1738831,193.0,73.00977036264348,18.316909931211114
1738832,302.0,73.02064816545246,18.316909931211114
1738833,290.0,73.03152596826148,18.316909931211114
1738834,186.0,73.04240377107045,18.316909931211114
1738835,37.0,73.05328157387946,18.316909931211114
1738836,199.0,73.06415937668845,18.316909931211114
1738837,161.0,73.07503717949743,18.316909931211114
1738838,8.0,73.09679278511543,18.316909931211114
1738839,4.0,73.10767058792445,18.316909931211114
1738840,36.0,73.11854839073342,18.316909931211114
1738841,12.0,73.12942619354243,18.316909931211114
1738842,56.0,73.14030399635142,18.316909931211114
1738843,113.0,73.15118179916043,18.316909931211114
1738844,124.0,73.16205960196942,18.316909931211114
1738845,151.0,73.17293740477841,18.316909931211114
1738846,183.0,73.18381520758741,18.316909931211114
1739729,38.0,72.97713695421649,18.307776199416317
1739730,7.0,72.9880147570255,18.307776199416317
1739731,75.0,72.99889255983447,18.307776199416317
1739732,134.0,73.00977036264348,18.307776199416317
1739733,202.0,73.02064816545246,18.307776199416317
1739734,276.0,73.03152596826148,18.307776199416317
1739735,127.0,73.04240377107045,18.307776199416317
1739736,45.0,73.05328157387946,18.307776199416317
1739737,126.0,73.06415937668845,18.307776199416317
1739738,204.0,73.09679278511543,18.307776199416317
1739739,312.0,73.10767058792445,18.307776199416317
1739740,127.0,73.11854839073342,18.307776199416317
1739741,19.0,73.12942619354243,18.307776199416317
1739742,22.0,73.14030399635142,18.307776199416317
1739743,28.0,73.15118179916043,18.307776199416317
1739744,34.0,73.16205960196942,18.307776199416317
1739745,122.0,73.17293740477841,18.307776199416317
1739746,156.0,73.18381520758741,18.307776199416317
1740625,34.0,72.9880147570255,18.298641980018868
1740626,145.0,72.99889255983449,18.298641980018868
1740627,196.0,73.00977036264347,18.298641980018868
1740628,183.0,73.02064816545247,18.298641980018868
1740629,208.0,73.03152596826146,18.298641980018868
1740630,3.0,73.05328157387946,18.298641980018868
1740631,-1.0,73.08591498230645,18.298641980018868
1740632,128.0,73.09679278511544,18.298641980018868
1740633,192.0,73.10767058792443,18.298641980018868
1740634,271.0,73.11854839073344,18.298641980018868
1740635,186.0,73.12942619354243,18.298641980018868
1740636,98.0,73.14030399635142,18.298641980018868
1740637,108.0,73.15118179916041,18.298641980018868
1740638,116.0,73.16205960196942,18.298641980018868
1740639,72.0,73.17293740477841,18.298641980018868
1740640,92.0,73.18381520758741,18.298641980018868
1741533,87.0,72.99889255983447,18.289507273226796
1741534,82.0,73.00977036264348,18.289507273226796
1741535,89.0,73.02064816545246,18.289507273226796
1741536,122.0,73.03152596826148,18.289507273226796
1741537,12.0,73.05328157387946,18.289507273226796
1741538,20.0,73.06415937668845,18.289507273226796
1741539,1.0,73.08047608090195,18.289507273226796
1741540,17.0,73.09679278511543,18.289507273226796
1741541,83.0,73.10767058792445,18.289507273226796
1741542,272.0,73.11854839073342,18.289507273226796
1741543,212.0,73.12942619354243,18.289507273226796
1741544,120.0,73.14030399635142,18.289507273226796
1741545,126.0,73.15118179916043,18.289507273226796
1741546,110.0,73.16205960196942,18.289507273226796
1741547,116.0,73.17293740477841,18.289507273226796
1741548,128.0,73.18381520758741,18.289507273226796
1742433,7.0,72.99889255983447,18.28037207924819
1742434,2.0,73.00977036264348,18.28037207924819
1742435,3.0,73.02064816545246,18.28037207924819
1742436,93.0,73.03152596826148,18.28037207924819
1742437,64.0,73.04240377107045,18.28037207924819
1742438,1.0,73.05328157387946,18.28037207924819
1742439,24.0,73.06415937668845,18.28037207924819
1742440,47.0,73.07503717949743,18.28037207924819
1742441,43.0,73.08591498230645,18.28037207924819
1742442,3.0,73.09679278511543,18.28037207924819
1742443,93.0,73.10767058792445,18.28037207924819
1742444,98.0,73.11854839073342,18.28037207924819
1742445,52.0,73.12942619354243,18.28037207924819
1742446,102.0,73.14030399635142,18.28037207924819
1742447,129.0,73.15118179916043,18.28037207924819
1742448,71.0,73.16205960196942,18.28037207924819
1742449,61.0,73.17293740477841,18.28037207924819
1742450,122.0,73.18381520758741,18.28037207924819
1743342,1.0,73.02064816545246,18.27123639829118
1743343,36.0,73.03152596826148,18.27123639829118
1743344,96.0,73.04240377107045,18.271236398291176
1743345,1.0,73.06415937668845,18.27123639829118
1743346,16.0,73.07503717949743,18.27123639829118
1743347,51.0,73.10767058792445,18.27123639829118
1743348,41.0,73.11854839073342,18.271236398291176
1743349,40.0,73.12942619354243,18.27123639829118
1743350,52.0,73.14030399635142,18.27123639829118
1743351,100.0,73.17293740477841,18.27123639829118
1743352,126.0,73.18381520758741,18.27123639829118
1744207,153.0,73.08591498230645,18.26666837526082
1744242,113.0,72.9553813485985,18.262100230563956
1744243,57.0,72.96625915140748,18.262100230563956
1744244,2.0,73.03152596826148,18.262100230563956
1744245,44.0,73.04240377107045,18.26210023056396
1744246,1.0,73.07503717949743,18.262100230563956
1744247,65.0,73.16205960196942,18.262100230563956
1744248,130.0,73.18381520758741,18.262100230563956
1745096,36.0,73.10948355505924,18.262100230563956
1745101,44.0,73.15118179916043,18.26392750304101
1745128,74.0,72.9553813485985,18.252963576274798
1745129,125.0,72.96625915140748,18.252963576274798
1745130,0.0,73.07503717949743,18.252963576274798
1745131,25.0,73.08591498230645,18.252963576274798
1745132,70.0,73.09679278511543,18.252963576274798
1745133,65.0,73.11854839073342,18.252963576274798
1745134,115.0,73.12942619354243,18.252963576274798
1745135,55.0,73.14030399635142,18.252963576274798
1745136,92.0,73.16931147050875,18.25600918175409
1745137,136.0,73.18381520758741,18.252963576274798
1746013,7.0,72.95538134859851,18.24382643563203
1746014,4.0,72.96625915140748,18.24382643563203
1746015,2.0,72.97713695421648,18.24382643563203
1746016,56.0,73.07503717949744,18.24382643563203
1746017,71.0,73.08591498230645,18.24382643563203
1746018,204.0,73.09679278511544,18.24382643563203
1746019,126.0,73.10767058792443,18.24382643563203
1746020,179.0,73.11854839073344,18.24382643563203
1746021,181.0,73.12942619354243,18.24382643563203
1746022,90.0,73.14030399635142,18.24382643563203
1746023,75.0,73.17293740477841,18.24382643563203
1746024,109.0,73.18381520758741,18.24382643563203
1746911,146.0,72.9553813485985,18.23468880884403
1746912,163.0,72.96625915140748,18.23468880884403
1746913,34.0,72.97713695421649,18.234688808844027
1746914,4.0,72.9880147570255,18.23468880884403
1746915,25.0,72.99889255983447,18.23468880884403
1746916,38.0,73.00977036264348,18.234688808844027
1746917,2.0,73.02064816545246,18.23468880884403
1746918,5.0,73.08591498230645,18.234688808844027
1746919,97.0,73.09679278511543,18.23468880884403
1746920,195.0,73.10767058792445,18.23468880884403
1746921,188.0,73.11854839073342,18.234688808844027
1746922,201.0,73.12942619354243,18.23468880884403
1746923,103.0,73.14030399635142,18.23468880884403
1746924,67.0,73.17293740477841,18.23468880884403
1746925,104.0,73.18381520758741,18.23468880884403
1747757,49.0,73.15770848084581,18.236516373083248
1747806,99.0,72.9553813485985,18.225550696119267
1747807,173.0,72.96625915140748,18.225550696119267
1747808,135.0,72.97713695421649,18.225550696119264
1747809,30.0,72.9880147570255,18.225550696119267
1747810,130.0,72.99889255983447,18.225550696119267
1747811,176.0,73.00977036264348,18.225550696119264
1747812,164.0,73.02064816545246,18.225550696119267
1747813,52.0,73.03152596826148,18.225550696119267
1747814,2.0,73.04240377107045,18.225550696119264
1747815,-6.0,73.08591498230645,18.225550696119264
1747816,37.0,73.09679278511543,18.225550696119267
1747817,73.0,73.10767058792445,18.225550696119267
1747818,126.0,73.11854839073342,18.225550696119264
1747819,233.0,73.12942619354243,18.225550696119267
1747820,213.0,73.14030399635142,18.225550696119267
1747821,61.0,73.15118179916043,18.225550696119264
1747822,99.0,73.17293740477841,18.225550696119267
1747823,145.0,73.18381520758741,18.225550696119267
1748665,196.0,72.96625915140748,18.216412097666236
1748666,198.0,72.97713695421649,18.21641209766624
1748667,75.0,72.9880147570255,18.216412097666236
1748668,135.0,72.99889255983447,18.216412097666236
1748669,151.0,73.00977036264348,18.21641209766624
1748670,179.0,73.02064816545246,18.216412097666236
1748671,187.0,73.03152596826148,18.216412097666236
1748672,33.0,73.04240377107045,18.21641209766624
1748673,5.0,73.08591498230645,18.21641209766624
1748674,22.0,73.09679278511543,18.216412097666236
1748675,77.0,73.10767058792445,18.216412097666236
1748676,144.0,73.11854839073342,18.21641209766624
1748677,218.0,73.12942619354243,18.216412097666236
1748678,191.0,73.14030399635142,18.216412097666236
1748679,112.0,73.15118179916043,18.21641209766624
1748680,113.0,73.16205960196942,18.216412097666236
1748681,184.0,73.17293740477841,18.216412097666236
1748682,141.0,73.1892541089919,18.216412097666236
1749537,138.0,72.97713695421649,18.207273013693523
1749538,46.0,72.9880147570255,18.207273013693523
1749539,53.0,72.99889255983447,18.207273013693523
1749540,23.0,73.00977036264348,18.207273013693523
1749541,74.0,73.02064816545246,18.207273013693523
1749542,201.0,73.03152596826148,18.207273013693523
1749543,134.0,73.04240377107045,18.207273013693523
1749544,2.0,73.08591498230645,18.207273013693523
1749545,44.0,73.09679278511543,18.207273013693523
1749546,171.0,73.10767058792445,18.207273013693523
1749547,175.0,73.11854839073342,18.207273013693523
1749548,195.0,73.12942619354243,18.207273013693523
1749549,194.0,73.14030399635142,18.207273013693523
1749550,149.0,73.15118179916043,18.207273013693523
1749551,112.0,73.16205960196942,18.207273013693523
1749552,179.0,73.17293740477841,18.207273013693523
1749553,130.0,73.18381520758741,18.207273013693523
1750358,2.0,73.0560010245817,18.207273013693523
1750406,4.0,72.9880147570255,18.198133444409766
1750407,18.0,72.99889255983447,18.198133444409766
1750408,15.0,73.00977036264348,18.198133444409766
1750409,16.0,73.02064816545246,18.198133444409766
1750410,186.0,73.03152596826148,18.198133444409766
1750411,197.0,73.04240377107045,18.198133444409766
1750412,-3.0,73.08591498230645,18.198133444409766
1750413,125.0,73.09679278511543,18.198133444409766
1750414,221.0,73.10767058792445,18.198133444409766
1750415,259.0,73.11854839073342,18.198133444409766
1750416,206.0,73.12942619354243,18.198133444409766
1750417,230.0,73.14030399635142,18.198133444409766
1750418,243.0,73.15118179916043,18.198133444409766
1750419,194.0,73.16205960196942,18.198133444409766
1750420,178.0,73.17293740477841,18.198133444409766
1751229,152.0,73.18381520758741,18.193563477841458
1751266,2.0,72.99889255983449,18.188993390023654
1751267,8.0,73.00977036264347,18.188993390023654
1751268,11.0,73.02064816545247,18.188993390023654
1751269,75.0,73.03152596826146,18.188993390023654
1751270,108.0,73.04240377107047,18.188993390023654
1751271,3.0,73.06415937668847,18.188993390023654
1751272,1.0,73.07503717949744,18.188993390023654
1751273,144.0,73.09679278511544,18.188993390023654
1751274,218.0,73.10767058792443,18.188993390023654
1751275,219.0,73.11854839073344,18.188993390023654
1751276,201.0,73.12942619354243,18.188993390023654
1751277,269.0,73.14030399635142,18.188993390023654
1751278,277.0,73.15118179916041,18.188993390023654
1751279,247.0,73.16205960196942,18.188993390023654
1751280,198.0,73.17293740477841,18.188993390023654
1752143,14.0,72.99889255983447,18.17985285074395
1752144,3.0,73.00977036264348,18.17985285074395
1752145,26.0,73.02064816545246,18.17985285074395
1752146,34.0,73.03152596826148,18.17985285074395
1752147,27.0,73.04240377107045,18.17985285074395
1752148,140.0,73.09679278511543,18.17985285074395
1752149,194.0,73.10767058792445,18.17985285074395
1752150,222.0,73.11854839073342,18.17985285074395
1752151,149.0,73.12942619354243,18.17985285074395
1752152,255.0,73.14030399635142,18.17985285074395
1752153,257.0,73.15118179916043,18.17985285074395
1752154,196.0,73.16205960196942,18.17985285074395
1752155,183.0,73.17293740477841,18.17985285074395
1752156,186.0,73.18381520758741,18.17985285074395
1752984,3.0,73.0831955316042,18.17985285074395
1753019,12.0,72.99889255983447,18.170711826779492
1753020,37.0,73.00977036264348,18.170711826779492
1753021,106.0,73.02064816545246,18.170711826779492
1753022,70.0,73.03152596826148,18.170711826779492
1753023,62.0,73.04240377107045,18.170711826779492
1753024,90.0,73.09679278511543,18.170711826779492
1753025,131.0,73.10767058792445,18.170711826779492
1753026,168.0,73.11854839073342,18.170711826779492
1753027,124.0,73.12942619354243,18.170711826779492
1753028,249.0,73.14030399635142,18.170711826779492
1753029,144.0,73.16205960196942,18.170711826779492
1753030,145.0,73.17293740477841,18.170711826779492
1753031,188.0,73.18381520758741,18.170711826779492
1753860,284.0,73.15118179916043,18.166141133105743
1753891,11.0,72.99889255983447,18.161570318339137
1753892,19.0,73.00977036264348,18.161570318339137
1753893,58.0,73.02064816545246,18.161570318339137
1753894,128.0,73.03152596826148,18.161570318339137
1753895,175.0,73.04240377107045,18.161570318339137
1753896,37.0,73.05328157387946,18.161570318339137
1753897,12.0,73.09679278511543,18.161570318339137
1753898,53.0,73.10767058792445,18.161570318339137
1753899,113.0,73.11854839073342,18.161570318339137
1753900,30.0,73.12942619354243,18.161570318339137
1753901,264.0,73.14030399635142,18.161570318339137
1753902,154.0,73.16205960196942,18.161570318339137
1753903,140.0,73.17293740477841,18.161570318339137
1753904,179.0,73.18381520758741,18.161570318339137
1754726,3.0,73.06726732034815,18.164182227317657
1754752,116.0,73.00977036264348,18.152428325631856
1754753,175.0,73.02064816545246,18.152428325631863
1754754,217.0,73.03152596826148,18.152428325631863
1754755,235.0,73.04240377107045,18.152428325631856
1754756,103.0,73.05328157387946,18.152428325631863
1754757,21.0,73.06415937668845,18.152428325631863
1754758,2.0,73.09679278511543,18.152428325631863
1754759,15.0,73.10767058792445,18.152428325631863
1754760,73.0,73.11854839073342,18.152428325631856
1754761,39.0,73.12942619354243,18.152428325631863
1754762,81.0,73.14030399635142,18.152428325631863
1754763,177.0,73.15118179916043,18.152428325631856
1754764,74.0,73.16205960196942,18.152428325631863
1754765,41.0,73.17293740477841,18.152428325631863
1754766,247.0,73.18381520758741,18.152428325631863
1755608,2.0,72.99889255983447,18.143285848866654
1755609,36.0,73.00977036264348,18.143285848866654
1755610,158.0,73.02064816545246,18.143285848866654
1755611,172.0,73.03152596826148,18.143285848866654
1755612,158.0,73.04240377107045,18.143285848866654
1755613,94.0,73.05328157387946,18.143285848866654
1755614,55.0,73.06415937668845,18.143285848866654
1755615,6.0,73.07503717949743,18.143285848866654
1755616,8.0,73.08591498230645,18.143285848866654
1755617,3.0,73.10223168651994,18.143285848866654
1755618,64.0,73.11854839073342,18.143285848866654
1755619,59.0,73.12942619354243,18.143285848866654
1755620,26.0,73.14574289775592,18.143285848866654
1755621,31.0,73.16205960196942,18.143285848866654
1755622,87.0,73.17293740477841,18.143285848866654
1755623,206.0,73.18381520758741,18.143285848866654
1756478,92.0,72.99889255983449,18.134142888252594
1756479,74.0,73.00977036264347,18.134142888252594
1756480,47.0,73.02064816545247,18.134142888252594
1756481,81.0,73.03152596826146,18.134142888252594
1756482,77.0,73.04240377107047,18.134142888252594
1756483,221.0,73.05328157387946,18.134142888252594
1756484,123.0,73.06415937668847,18.134142888252594
1756485,34.0,73.07503717949744,18.134142888252594
1756486,17.0,73.08591498230645,18.134142888252594
1756487,7.0,73.09679278511544,18.134142888252594
1756488,6.0,73.10767058792443,18.134142888252594
1756489,11.0,73.12398729213793,18.134142888252597
1756490,112.0,73.14030399635142,18.134142888252594
1756491,137.0,73.15118179916041,18.134142888252594
1756492,29.0,73.16749850337392,18.134142888252594
1756493,145.0,73.18381520758741,18.134142888252594
1757334,53.0,72.9880147570255,18.124999443998817
1757335,175.0,72.99889255983447,18.124999443998817
1757336,19.0,73.00977036264348,18.124999443998817
1757337,31.0,73.02064816545246,18.124999443998817
1757338,33.0,73.03152596826148,18.124999443998817
1757339,53.0,73.04240377107045,18.124999443998817
1757340,208.0,73.05328157387946,18.124999443998817
1757341,203.0,73.06415937668845,18.124999443998817
1757342,94.0,73.07503717949743,18.124999443998817
1757343,21.0,73.08591498230645,18.124999443998817
1757344,73.0,73.09679278511543,18.124999443998817
1757345,28.0,73.10767058792445,18.124999443998817
1757346,42.0,73.11854839073342,18.124999443998817
1757347,76.0,73.12942619354243,18.124999443998817
1757348,118.0,73.14030399635142,18.124999443998817
1757349,179.0,73.15118179916043,18.124999443998817
1757350,215.0,73.16205960196942,18.124999443998817
1757351,180.0,73.17293740477841,18.124999443998817
1757352,174.0,73.18381520758741,18.124999443998817
1758179,15.0,72.9880147570255,18.115855516314515
1758180,218.0,72.99889255983447,18.115855516314515
1758181,51.0,73.00977036264348,18.115855516314515
1758182,67.0,73.02064816545246,18.115855516314515
1758183,97.0,73.03152596826148,18.115855516314515
1758184,183.0,73.04240377107045,18.115855516314515
1758185,196.0,73.05328157387946,18.115855516314515
1758186,238.0,73.06415937668845,18.115855516314515
1758187,178.0,73.07503717949743,18.115855516314515
1758188,54.0,73.08591498230645,18.115855516314515
1758189,143.0,73.09679278511543,18.115855516314515
1758190,151.0,73.10767058792445,18.115855516314515
1758191,207.0,73.11854839073342,18.115855516314515
1758192,180.0,73.12942619354243,18.115855516314515
1758193,208.0,73.14030399635142,18.115855516314515
1758194,206.0,73.15118179916043,18.115855516314515
1758195,252.0,73.16205960196942,18.115855516314515
1758196,267.0,73.17293740477841,18.115855516314515
1758197,253.0,73.18381520758741,18.115855516314515
1759042,2.0,72.9880147570255,18.106711105408937
1759043,102.0,72.99889255983447,18.106711105408937
1759044,164.0,73.00977036264348,18.10671110540894
1759045,122.0,73.02064816545246,18.106711105408937
1759046,172.0,73.03152596826148,18.106711105408937
1759047,175.0,73.04240377107045,18.10671110540894
1759048,155.0,73.05328157387946,18.106711105408937
1759049,206.0,73.06415937668845,18.106711105408937
1759050,201.0,73.07503717949743,18.106711105408937
1759051,168.0,73.08591498230645,18.10671110540894
1759052,188.0,73.09679278511543,18.106711105408937
1759053,201.0,73.10767058792445,18.106711105408937
1759054,245.0,73.11854839073342,18.10671110540894
1759055,235.0,73.12942619354243,18.106711105408937
1759056,158.0,73.14030399635142,18.106711105408937
1759057,201.0,73.15118179916043,18.10671110540894
1759058,250.0,73.16205960196942,18.106711105408937
1759059,299.0,73.17293740477841,18.106711105408937
1759060,239.0,73.18381520758741,18.106711105408937
1759899,35.0,72.99889255983447,18.097566211491415
1759900,99.0,73.00977036264348,18.097566211491415
1759901,34.0,73.02064816545246,18.097566211491415
1759902,115.0,73.03152596826148,18.097566211491415
1759903,99.0,73.04240377107045,18.097566211491415
1759904,44.0,73.05328157387946,18.097566211491415
1759905,110.0,73.06415937668845,18.097566211491415
1759906,224.0,73.07503717949743,18.097566211491415
1759907,222.0,73.08591498230645,18.097566211491415
1759908,224.0,73.10223168651994,18.097566211491415
1759909,254.0,73.11854839073342,18.097566211491415
1759910,287.0,73.12942619354243,18.097566211491415
1759911,184.0,73.14030399635142,18.097566211491415
1759912,217.0,73.15118179916043,18.097566211491415
1759913,228.0,73.16205960196942,18.097566211491415
1759914,275.0,73.17293740477841,18.097566211491415
1759915,287.0,73.1892541089919,18.097566211491415
1760757,10.0,73.00977036264348,18.088420834771316
1760758,19.0,73.02064816545246,18.088420834771316
1760759,14.0,73.03152596826148,18.088420834771316
1760760,18.0,73.04240377107045,18.088420834771316
1760761,38.0,73.05328157387946,18.088420834771316
1760762,78.0,73.06415937668845,18.088420834771316
1760763,98.0,73.07503717949743,18.088420834771316
1760764,228.0,73.08591498230645,18.088420834771316
1760765,269.0,73.09679278511543,18.088420834771316
1760766,258.0,73.10767058792445,18.088420834771316
1760767,257.0,73.11854839073342,18.088420834771316
1760768,232.0,73.12942619354243,18.088420834771316
1760769,180.0,73.14030399635142,18.088420834771316
1760770,240.0,73.15118179916043,18.088420834771316
1760771,244.0,73.16205960196942,18.088420834771316
1760772,265.0,73.17293740477841,18.088420834771316
1760773,318.0,73.18381520758741,18.088420834771316
1761585,6.0,73.00977036264347,18.079274975458095
1761586,8.0,73.02064816545247,18.079274975458095
1761587,11.0,73.03152596826146,18.079274975458095
1761588,17.0,73.04240377107047,18.079274975458095
1761589,105.0,73.05328157387946,18.079274975458095
1761590,203.0,73.06415937668847,18.079274975458095
1761591,208.0,73.07503717949744,18.079274975458095
1761592,252.0,73.08591498230645,18.079274975458095
1761593,309.0,73.09679278511544,18.079274975458095
1761594,224.0,73.10767058792443,18.079274975458095
1761595,229.0,73.11854839073344,18.079274975458095
1761596,216.0,73.12942619354243,18.079274975458095
1761597,230.0,73.14030399635142,18.079274975458095
1761598,260.0,73.15118179916041,18.079274975458095
1761599,273.0,73.16205960196942,18.079274975458095
1761600,202.0,73.17293740477841,18.079274975458095
1761601,334.0,73.18381520758741,18.079274975458095
1762428,11.0,73.00977036264348,18.070128633761243
1762429,102.0,73.02064816545246,18.070128633761247
1762430,68.0,73.03152596826148,18.070128633761247
1762431,38.0,73.04240377107045,18.070128633761243
1762432,31.0,73.05328157387946,18.070128633761247
1762433,50.0,73.06415937668845,18.070128633761247
1762434,158.0,73.07503717949743,18.070128633761247
1762435,226.0,73.08591498230645,18.070128633761243
1762436,290.0,73.09679278511543,18.070128633761247
1762437,196.0,73.11310948932893,18.070128633761247
1762438,182.0,73.12942619354243,18.070128633761247
1762439,209.0,73.14030399635142,18.070128633761247
1762440,218.0,73.15118179916043,18.070128633761243
1762441,294.0,73.16205960196942,18.070128633761247
1762442,129.0,73.17293740477841,18.070128633761247
1762443,335.0,73.18381520758741,18.070128633761247
1763269,25.0,73.00977036264348,18.06098180989034
1763270,116.0,73.02064816545246,18.060981809890343
1763271,28.0,73.03152596826148,18.060981809890343
1763272,7.0,73.04240377107045,18.06098180989034
1763273,8.0,73.05328157387946,18.060981809890343
1763274,16.0,73.06415937668845,18.060981809890343
1763275,61.0,73.07503717949743,18.060981809890343
1763276,158.0,73.08591498230645,18.06098180989034
1763277,269.0,73.09679278511543,18.060981809890343
1763278,266.0,73.10767058792445,18.060981809890343
1763279,275.0,73.11854839073342,18.06098180989034
1763280,187.0,73.12942619354243,18.060981809890343
1763281,225.0,73.14030399635142,18.060981809890343
1763282,189.0,73.15118179916043,18.06098180989034
1763283,244.0,73.16205960196942,18.060981809890343
1763284,75.0,73.17293740477841,18.060981809890343
1764100,12.0,73.00977036264348,18.051834504055
1764101,10.0,73.02064816545246,18.05183450405501
1764102,4.0,73.05328157387946,18.05183450405501
1764103,11.0,73.06415937668845,18.05183450405501
1764104,24.0,73.07503717949743,18.05183450405501
1764105,53.0,73.08591498230645,18.051834504055
1764106,140.0,73.09679278511543,18.05183450405501
1764107,197.0,73.10767058792445,18.05183450405501
1764108,224.0,73.11854839073342,18.051834504055
1764109,229.0,73.12942619354243,18.05183450405501
1764110,71.0,73.14030399635142,18.05183450405501
1764111,144.0,73.15118179916043,18.051834504055
1764112,173.0,73.16205960196942,18.05183450405501
1764928,10.0,73.00977036264348,18.04268671646492
1764929,7.0,73.02064816545246,18.04268671646492
1764930,4.0,73.06415937668845,18.04268671646492
1764931,17.0,73.07503717949743,18.04268671646492
1764932,18.0,73.08591498230645,18.04268671646492
1764933,60.0,73.09679278511543,18.04268671646492
1764934,130.0,73.10767058792445,18.04268671646492
1764935,115.0,73.11854839073342,18.04268671646492
1764936,251.0,73.12942619354243,18.04268671646492
1764937,173.0,73.15118179916043,18.04268671646492
1764938,310.0,73.18381520758741,18.04268671646492
1765735,2.0,73.04457933163228,18.042686716464928
1765736,29.0,73.14030399635142,18.0381126420774
1765769,0.0,73.00977036264348,18.033538447329857
1765770,5.0,73.06415937668845,18.033538447329857
1765771,18.0,73.07503717949743,18.033538447329857
1765772,17.0,73.08591498230645,18.033538447329857
1765773,25.0,73.09679278511543,18.033538447329857
1765774,34.0,73.10767058792445,18.033538447329857
1765775,105.0,73.11854839073342,18.033538447329857
1765776,229.0,73.12942619354243,18.033538447329857
1765777,57.0,73.15118179916043,18.033538447329857
1765778,206.0,73.18381520758741,18.033538447329857
1766620,5.0,73.05328157387946,18.024389696859608
1766621,14.0,73.06415937668847,18.024389696859608
1766622,27.0,73.07503717949744,18.024389696859608
1766623,30.0,73.08591498230645,18.02438969685961
1766624,32.0,73.09679278511544,18.024389696859608
1766625,47.0,73.10767058792443,18.024389696859608
1766626,209.0,73.11854839073344,18.02438969685961
1766627,219.0,73.12942619354243,18.024389696859608
1766628,150.0,73.14030399635142,18.024389696859608
1766629,36.0,73.16205960196942,18.024389696859608
1766630,194.0,73.17293740477841,18.024389696859608
1766631,263.0,73.18381520758741,18.024389696859608
1767410,29.0,73.15480773343009,18.018290262574652
1767443,88.0,73.00977036264348,18.015240465264053
1767444,11.0,73.03152596826148,18.015240465264057
1767445,192.0,73.04240377107045,18.015240465264053
1767446,123.0,73.05328157387946,18.015240465264057
1767447,59.0,73.06415937668845,18.015240465264057
1767448,39.0,73.07503717949743,18.015240465264057
1767449,32.0,73.08591498230645,18.015240465264053
1767450,179.0,73.09679278511543,18.015240465264057
1767451,181.0,73.10767058792445,18.015240465264057
1767452,248.0,73.11854839073342,18.015240465264053
1767453,228.0,73.12942619354243,18.015240465264057
1767454,57.0,73.14030399635142,18.015240465264057
1767455,90.0,73.17293740477841,18.015240465264057
1767456,253.0,73.18381520758741,18.015240465264057
1768272,7.0,73.00977036264348,18.006090752753142
1768273,77.0,73.02064816545246,18.006090752753135
1768274,65.0,73.03152596826148,18.006090752753135
1768275,165.0,73.04240377107045,18.006090752753142
1768276,204.0,73.05328157387946,18.006090752753135
1768277,52.0,73.06415937668845,18.006090752753135
1768278,127.0,73.07503717949743,18.006090752753135
1768279,146.0,73.08591498230645,18.006090752753142
1768280,219.0,73.09679278511543,18.006090752753135
1768281,175.0,73.10767058792445,18.006090752753135
1768282,174.0,73.11854839073342,18.006090752753142
1768283,131.0,73.12942619354243,18.006090752753135
1768284,29.0,73.14030399635142,18.006090752753135
1768285,167.0,73.15118179916043,18.006090752753142
1768286,95.0,73.16205960196942,18.006090752753135
1768287,35.0,73.17293740477841,18.006090752753135
1768288,170.0,73.18381520758741,18.006090752753135
1769117,7.0,73.02064816545246,17.996940559536853
1769118,15.0,73.03152596826148,17.996940559536853
1769119,101.0,73.04240377107045,17.996940559536853
1769120,187.0,73.05328157387946,17.996940559536853
1769121,167.0,73.06415937668845,17.996940559536853
1769122,116.0,73.07503717949743,17.996940559536853
1769123,123.0,73.08591498230645,17.996940559536853
1769124,185.0,73.09679278511543,17.996940559536853
1769125,162.0,73.10767058792445,17.996940559536853
1769126,164.0,73.11854839073342,17.996940559536853
1769127,68.0,73.12942619354243,17.996940559536853
1769128,10.0,73.14030399635142,17.996940559536853
1769129,212.0,73.15118179916043,17.996940559536853
1769130,209.0,73.16205960196942,17.996940559536853
1769131,87.0,73.17293740477841,17.996940559536853
1769132,223.0,73.18381520758741,17.996940559536853
1769961,4.0,73.02064816545246,17.98778988582526
1769962,2.0,73.03152596826148,17.98778988582526
1769963,4.0,73.04240377107045,17.987789885825265
1769964,156.0,73.05328157387946,17.98778988582526
1769965,2.0,73.06415937668845,17.98778988582526
1769966,58.0,73.07503717949743,17.98778988582526
1769967,2.0,73.08591498230645,17.987789885825265
1769968,86.0,73.09679278511543,17.98778988582526
1769969,8.0,73.10767058792445,17.98778988582526
1769970,154.0,73.11854839073342,17.987789885825265
1769971,5.0,73.12942619354243,17.98778988582526
1769972,231.0,73.14030399635142,17.98778988582526
1769973,216.0,73.15118179916043,17.987789885825265
1769974,267.0,73.16205960196942,17.98778988582526
1769975,144.0,73.17293740477841,17.98778988582526
1769976,213.0,73.18381520758741,17.98778988582526
1770793,3.0,73.04240377107045,17.97863873182848
1770794,0.0,73.06415937668845,17.97863873182848
1770795,1.0,73.08591498230645,17.97863873182848
1770796,2.0,73.09679278511543,17.97863873182848
1770797,245.0,73.14574289775592,17.97863873182848
1770798,264.0,73.16205960196942,17.97863873182848
1770799,216.0,73.17293740477841,17.97863873182848
1770800,225.0,73.18381520758741,17.97863873182848
1771628,4.0,73.12072395129522,17.97497813579699
1771645,154.0,73.05328157387946,17.96948709775669
1771646,164.0,73.06415937668847,17.96948709775669
1771647,181.0,73.07503717949744,17.96948709775669
1771648,194.0,73.08591498230645,17.96948709775669
1771649,56.0,73.09679278511544,17.96948709775669
1771650,109.0,73.10767058792443,17.96948709775669
1771651,206.0,73.14030399635142,17.96948709775669
1771652,243.0,73.15118179916041,17.96948709775669
1771653,247.0,73.16205960196942,17.96948709775669
1771654,242.0,73.17293740477841,17.96948709775669
1771655,235.0,73.18381520758741,17.96948709775669
1772496,13.0,73.04240377107045,17.96033498382014
1772497,137.0,73.05328157387946,17.96033498382014
1772498,157.0,73.06415937668845,17.96033498382014
1772499,204.0,73.07503717949743,17.96033498382014
1772500,246.0,73.08591498230645,17.96033498382014
1772501,220.0,73.09679278511543,17.96033498382014
1772502,135.0,73.10767058792445,17.96033498382014
1772503,182.0,73.11854839073342,17.96033498382014
1772504,211.0,73.12942619354243,17.96033498382014
1772505,160.0,73.14030399635142,17.96033498382014
1772506,216.0,73.15118179916043,17.96033498382014
1772507,240.0,73.16205960196942,17.96033498382014
1772508,255.0,73.17293740477841,17.96033498382014
1772509,253.0,73.18381520758741,17.96033498382014
1773356,3.0,73.04240377107045,17.95118239022914
1773357,82.0,73.05328157387946,17.951182390229143
1773358,114.0,73.06415937668845,17.951182390229143
1773359,177.0,73.07503717949743,17.951182390229143
1773360,213.0,73.08591498230645,17.95118239022914
1773361,292.0,73.09679278511543,17.951182390229143
1773362,211.0,73.10767058792445,17.951182390229143
1773363,138.0,73.11854839073342,17.95118239022914
1773364,225.0,73.12942619354243,17.951182390229143
1773365,106.0,73.14030399635142,17.951182390229143
1773366,206.0,73.15118179916043,17.95118239022914
1773367,233.0,73.16205960196942,17.951182390229143
1773368,270.0,73.17293740477841,17.951182390229143
1773369,172.0,73.18381520758741,17.951182390229143
1774187,126.0,73.04240377107045,17.942029317194045
1774188,160.0,73.05328157387946,17.942029317194045
1774189,168.0,73.06415937668845,17.942029317194045
1774190,221.0,73.07503717949743,17.942029317194045
1774191,231.0,73.08591498230645,17.942029317194045
1774192,60.0,73.09679278511543,17.942029317194045
1774193,207.0,73.10767058792445,17.942029317194045
1774194,134.0,73.11854839073342,17.942029317194045
1774195,123.0,73.12942619354243,17.942029317194045
1774196,24.0,73.14030399635142,17.942029317194045
1774197,145.0,73.15118179916043,17.942029317194045
1774198,188.0,73.16205960196942,17.942029317194045
1774199,230.0,73.17293740477841,17.942029317194045
1774200,126.0,73.18381520758741,17.942029317194045
1775003,91.0,73.05328157387946,17.932875764925303
1775004,3.0,73.09679278511543,17.932875764925303
1775005,88.0,73.10767058792445,17.932875764925303
1775006,187.0,73.11854839073342,17.932875764925303
1775007,6.0,73.12942619354243,17.932875764925303
1775008,10.0,73.14030399635142,17.932875764925303
1775009,178.0,73.15118179916043,17.932875764925303
1775010,166.0,73.16205960196942,17.932875764925303
1775011,163.0,73.17293740477841,17.932875764925303
1775012,87.0,73.18381520758741,17.932875764925303
1775807,2.0,73.08591498230643,17.928298809144078
1775834,3.0,73.05328157387946,17.923721733633386
1775835,2.0,73.06415937668847,17.923721733633386
1775836,1.0,73.07503717949744,17.923721733633386
1775837,4.0,73.10223168651994,17.923721733633386
1775838,5.0,73.11854839073344,17.923721733633386
1775839,36.0,73.12942619354243,17.923721733633386
1775840,9.0,73.14030399635142,17.923721733633386
1775841,74.0,73.15118179916041,17.923721733633386
1775842,46.0,73.16205960196942,17.923721733633386
1775843,70.0,73.17293740477841,17.923721733633386
1775844,46.0,73.1892541089919,17.92372173363339
1776667,14.0,73.06415937668845,17.91456722352885
1776668,101.0,73.07503717949743,17.91456722352885
1776669,131.0,73.08591498230645,17.91456722352885
1776670,186.0,73.09679278511543,17.91456722352885
1776671,97.0,73.10767058792445,17.91456722352885
1776672,156.0,73.11854839073342,17.91456722352885
1776673,248.0,73.12942619354243,17.91456722352885
1776674,142.0,73.14030399635142,17.91456722352885
1776675,46.0,73.15118179916043,17.91456722352885
1776676,72.0,73.16205960196942,17.91456722352885
1776677,46.0,73.17293740477841,17.91456722352885
1776678,200.0,73.18381520758741,17.91456722352885
1777496,12.0,73.06415937668845,17.905412234822315
1777497,26.0,73.07503717949743,17.905412234822315
1777498,58.0,73.08591498230645,17.905412234822315
1777499,212.0,73.09679278511543,17.905412234822315
1777500,241.0,73.10767058792445,17.905412234822315
1777501,276.0,73.11854839073342,17.905412234822315
1777502,200.0,73.12942619354243,17.905412234822315
1777503,185.0,73.14030399635142,17.905412234822315
1777504,159.0,73.15118179916043,17.905412234822315
1777505,228.0,73.16205960196942,17.905412234822315
1777506,191.0,73.17293740477841,17.905412234822315
1777507,226.0,73.18381520758741,17.905412234822315
1778326,92.0,73.06415937668845,17.89625676772446
1778327,31.0,73.07503717949743,17.89625676772446
1778328,5.0,73.08591498230645,17.896256767724456
1778329,175.0,73.09679278511543,17.89625676772446
1778330,202.0,73.10767058792445,17.89625676772446
1778331,272.0,73.11854839073342,17.896256767724456
1778332,265.0,73.12942619354243,17.89625676772446
1778333,215.0,73.14030399635142,17.89625676772446
1778334,207.0,73.15118179916043,17.896256767724456
1778335,235.0,73.16205960196942,17.89625676772446
1778336,230.0,73.17293740477841,17.89625676772446
1778337,180.0,73.18381520758741,17.89625676772446
1779181,5.0,73.06415937668845,17.88710082244601
1779182,2.0,73.07503717949743,17.88710082244601
1779183,3.0,73.08591498230645,17.88710082244601
1779184,100.0,73.09679278511543,17.88710082244601
1779185,147.0,73.10767058792445,17.88710082244601
1779186,244.0,73.11854839073342,17.88710082244601
1779187,239.0,73.12942619354243,17.88710082244601
1779188,244.0,73.14030399635142,17.88710082244601
1779189,217.0,73.15118179916043,17.88710082244601
1779190,195.0,73.16205960196942,17.88710082244601
1779191,223.0,73.17293740477841,17.88710082244601
1779192,209.0,73.18381520758741,17.88710082244601
1780015,13.0,73.08591498230645,17.877944399197766
1780016,6.0,73.09679278511543,17.877944399197766
1780017,112.0,73.11854839073342,17.877944399197766
1780018,162.0,73.12942619354243,17.877944399197766
1780019,54.0,73.14030399635142,17.877944399197766
1780020,80.0,73.15118179916043,17.877944399197766
1780021,112.0,73.16205960196942,17.877944399197766
1780022,176.0,73.17293740477841,17.877944399197766
1780023,210.0,73.18381520758741,17.877944399197766
1780813,8.0,73.10767058792445,17.87336600840086
1780846,138.0,73.09679278511544,17.86878749819058
1780847,12.0,73.11854839073344,17.86878749819058
1780848,51.0,73.12942619354243,17.86878749819058
1780849,204.0,73.14030399635142,17.86878749819058
1780850,238.0,73.15118179916041,17.86878749819058
1780851,208.0,73.16205960196942,17.86878749819058
1780852,190.0,73.17837630618291,17.86878749819058
1781663,120.0,73.09679278511543,17.859630119635398
1781664,134.0,73.10767058792445,17.859630119635398
1781665,148.0,73.11854839073342,17.859630119635398
1781666,102.0,73.12942619354243,17.859630119635398
1781667,221.0,73.14030399635142,17.859630119635398
1781668,270.0,73.15118179916043,17.859630119635398
1781669,235.0,73.16205960196942,17.859630119635398
1781670,246.0,73.17293740477841,17.859630119635398
1781671,229.0,73.18381520758741,17.859630119635398
1782495,40.0,73.09679278511543,17.85047226374318
1782496,107.0,73.10767058792445,17.85047226374318
1782497,181.0,73.11854839073342,17.85047226374317
1782498,160.0,73.12942619354243,17.85047226374318
1782499,215.0,73.14030399635142,17.85047226374318
1782500,287.0,73.15118179916043,17.85047226374317
1782501,294.0,73.16205960196942,17.85047226374318
1782502,273.0,73.17293740477841,17.85047226374318
1782503,206.0,73.18381520758741,17.85047226374318
1783316,4.0,73.10767058792445,17.84131393072497
1783317,175.0,73.11854839073342,17.84131393072497
1783318,180.0,73.12942619354243,17.84131393072497
1783319,198.0,73.14574289775592,17.84131393072497
1783320,259.0,73.16205960196942,17.84131393072497
1783321,237.0,73.17293740477841,17.84131393072497
1783322,177.0,73.18381520758741,17.84131393072497
1784142,54.0,73.09679278511543,17.832155120791874
1784143,3.0,73.10767058792445,17.832155120791874
1784144,5.0,73.11854839073342,17.832155120791878
1784145,29.0,73.12942619354243,17.832155120791874
1784146,90.0,73.14030399635142,17.832155120791874
1784147,181.0,73.15118179916043,17.832155120791878
1784148,219.0,73.16205960196942,17.832155120791874
1784149,134.0,73.17293740477841,17.832155120791874
1784150,242.0,73.18381520758741,17.832155120791874
1784964,160.0,73.09679278511543,17.822995834155076
1784965,36.0,73.10767058792445,17.822995834155076
1784966,86.0,73.11854839073342,17.82299583415507
1784967,76.0,73.12942619354243,17.822995834155076
1784968,167.0,73.14030399635142,17.822995834155076
1784969,255.0,73.18381520758741,17.822995834155076
1785772,7.0,73.09679278511544,17.81383607102578
1785773,135.0,73.10767058792443,17.81383607102578
1785774,151.0,73.12398729213793,17.81383607102578
1785775,29.0,73.14030399635142,17.81383607102578
1785776,80.0,73.15118179916041,17.81383607102578
1785777,232.0,73.18381520758741,17.81383607102578
1786552,59.0,73.16568553623908,17.816889378332785
1786588,8.0,73.09679278511543,17.804675831615285
1786589,94.0,73.10767058792445,17.804675831615285
1786590,147.0,73.11854839073342,17.804675831615285
1786591,178.0,73.12942619354243,17.804675831615285
1786592,232.0,73.14030399635142,17.804675831615285
1786593,203.0,73.15118179916043,17.804675831615285
1786594,101.0,73.16205960196942,17.804675831615285
1786595,80.0,73.18381520758741,17.804675831615285
1787399,16.0,73.10767058792445,17.79551511613494
1787400,151.0,73.11854839073342,17.79551511613494
1787401,193.0,73.12942619354243,17.79551511613494
1787402,228.0,73.14030399635142,17.79551511613494
1787403,253.0,73.15118179916043,17.79551511613494
1787404,229.0,73.16205960196942,17.79551511613494
1787405,179.0,73.17293740477841,17.79551511613494
1787406,59.0,73.1892541089919,17.79551511613494
1788222,4.0,73.11854839073342,17.786353924796156
1788223,12.0,73.12942619354243,17.786353924796156
1788224,70.0,73.14574289775592,17.786353924796156
1788225,216.0,73.16205960196942,17.786353924796156
1788226,202.0,73.17293740477841,17.786353924796156
1788227,199.0,73.18381520758741,17.786353924796156
1789047,10.0,73.12942619354243,17.777192257810402
1789048,153.0,73.14030399635142,17.777192257810402
1789049,146.0,73.15118179916043,17.777192257810405
1789050,161.0,73.16749850337392,17.777192257810402
1789051,196.0,73.18381520758741,17.777192257810402
1789865,15.0,73.12942619354243,17.76803011538922
1789866,167.0,73.14030399635142,17.76803011538922
1789867,188.0,73.15118179916043,17.76803011538922
1789868,162.0,73.16205960196942,17.76803011538922
1789869,172.0,73.17293740477841,17.76803011538922
1789870,184.0,73.18381520758741,17.76803011538922
1790677,188.0,73.14030399635142,17.758867497744202
1790678,206.0,73.15118179916041,17.7588674977442
1790679,220.0,73.16205960196942,17.758867497744202
1790680,176.0,73.17293740477841,17.758867497744202
1790681,172.0,73.18381520758741,17.758867497744202
1791476,92.0,73.14030399635142,17.74970440508699
1791477,173.0,73.15118179916043,17.749704405086995
1791478,210.0,73.16205960196942,17.74970440508699
1791479,204.0,73.17293740477841,17.74970440508699
1791480,171.0,73.18381520758741,17.74970440508699
1792294,165.0,73.14030399635142,17.740540837629325
1792295,188.0,73.15118179916043,17.740540837629325
1792296,202.0,73.16205960196942,17.740540837629325
1792297,212.0,73.17293740477841,17.740540837629325
1792298,181.0,73.18381520758741,17.740540837629325
1793099,178.0,73.14030399635142,17.731376795582968
1793100,196.0,73.15118179916043,17.731376795582968
1793101,185.0,73.16205960196942,17.731376795582968
1793102,226.0,73.17293740477841,17.731376795582968
1793103,188.0,73.18381520758741,17.731376795582968
1793895,14.0,73.14030399635142,17.72221227915976
1793896,99.0,73.15118179916043,17.72221227915976
1793897,24.0,73.16205960196942,17.72221227915976
1793898,133.0,73.17293740477841,17.72221227915976
1793899,187.0,73.18381520758741,17.72221227915976
1794694,10.0,73.14030399635142,17.71304728857161
1794695,14.0,73.15118179916043,17.71304728857161
1794696,132.0,73.16205960196942,17.71304728857161
1794697,186.0,73.17293740477841,17.71304728857161
1794698,196.0,73.18381520758741,17.71304728857161
1795482,37.0,73.14030399635142,17.703881824030464
1795483,110.0,73.15118179916041,17.703881824030464
1795484,113.0,73.16205960196942,17.703881824030464
1795485,128.0,73.17293740477841,17.703881824030464
1795486,195.0,73.18381520758741,17.703881824030464
1796282,98.0,73.14030399635142,17.694715885748366
1796283,43.0,73.15118179916043,17.694715885748366
1796284,47.0,73.16205960196942,17.694715885748366
1796285,235.0,73.18381520758741,17.694715885748366
1797046,133.0,73.17293740477841,17.690132739020726
1797080,106.0,73.13486509494693,17.68554947393738
1797081,140.0,73.15118179916043,17.68554947393738
1797082,150.0,73.16205960196942,17.68554947393738
1797083,215.0,73.18381520758741,17.68554947393738
1797871,145.0,73.14030399635142,17.676382588809666
1797872,170.0,73.15118179916043,17.676382588809666
1797873,152.0,73.16205960196942,17.676382588809666
1797874,166.0,73.17293740477841,17.676382588809666
1798612,171.0,73.18381520758741,17.671798968818337
1798658,131.0,73.14030399635142,17.667215230577412
1798659,130.0,73.15118179916043,17.667215230577415
1798660,175.0,73.16749850337392,17.667215230577412
1799435,126.0,73.14030399635142,17.658047399452894
1799436,141.0,73.15118179916043,17.658047399452897
1799437,157.0,73.16205960196942,17.658047399452894
1799438,168.0,73.17293740477841,17.658047399452894
1799439,157.0,73.18381520758741,17.658047399452894
1800220,13.0,73.14030399635142,17.648879095648446
1800221,109.0,73.15118179916041,17.64887909564845
1800222,142.0,73.16205960196942,17.648879095648446
1800223,167.0,73.17293740477841,17.648879095648446
1800224,169.0,73.18381520758741,17.648879095648446
1801003,7.0,73.14030399635142,17.639710319376444
1801004,57.0,73.15118179916043,17.639710319376448
1801005,111.0,73.16205960196942,17.639710319376444
1801006,117.0,73.17293740477841,17.639710319376444
1801007,136.0,73.18381520758741,17.639710319376444
1801779,88.0,73.14030399635142,17.630541070849347
1801780,30.0,73.15118179916043,17.630541070849347
1801781,46.0,73.16205960196942,17.630541070849347
1801782,61.0,73.17293740477841,17.630541070849347
1801783,134.0,73.18381520758741,17.630541070849347
