Latitude,Longitude,Elevation,Rainfall,Distance_From_Sea
19.10519214169371,72.97182330990945,19.52739673831766,284.0607207317339,47.360895618361084
19.21378728776899,72.9893771528015,42.4253081064901,176.84189608839984,33.441196172449395
19.195323249737843,72.88820304154662,39.958192999618895,55.09306508098595,5.9465399493449755
19.16282854324771,73.11480439895237,32.451846620603554,131.82469957367886,23.992188001284358
18.88424261027589,72.95502037659814,29.291832121418636,290.5355214133738,11.42975961044153
18.967706598387682,72.87825129508326,27.041331419391856,49.729772855759,45.84536520909952
19.2236649437851,73.07493454776188,17.264171840571795,37.637708922052724,38.73805885397412
19.214877215805227,72.9346459666921,12.718781704198124,119.76898956899527,23.829798921993806
19.175926597663167,72.94091291352245,2.2028713558123636,104.4916727383663,42.84388413774148
19.219963686570487,72.97855344696174,45.1184416582277,32.17239063294346,43.56299719651342
19.226268011432488,72.97457174165052,2.960864248558698,216.0981425871277,27.405345661236176
19.161449326428645,73.02719593954508,10.41226190808396,171.32765201816693,18.024533862500792
18.951736734231925,72.90782515919786,47.722629026614456,54.733022123337186,43.35071988182149
18.912276621211436,73.12352845984955,20.475211916315356,160.45931601025788,4.15199229785117
19.052058232096076,73.0576523771746,12.685509538463807,79.91820136829328,48.62777479442772
18.90928127175435,72.87751442474908,38.23673960216186,229.53315369131627,18.90525042650342
18.906649474064817,73.01697228685975,1.4768270129390249,294.66664959098625,40.802109427510544
18.998559594124092,73.03301902150106,13.991270095418484,158.29942454702714,9.547812086992113
18.97147872829193,72.96758244453557,26.548182138032693,191.52679117725842,17.300395489575187
18.963030823329298,72.91636751597805,10.246520855587537,184.14899093439737,6.158067280683172
19.073944626618747,72.99082664156322,26.920386582335905,252.68539625320042,40.31892051176181
18.960556048085728,73.07950092815527,16.147046055302063,135.8331484659484,44.666203258978655
19.001477278384485,73.03015862057184,0.5131388387308256,287.42325261906115,46.979270970577005
19.17795785310551,72.88182338395193,24.917282665655648,297.7079788355815,3.9471859081177287
19.23381779424269,73.03471761391725,12.067530700873764,70.07465332723692,44.11312563679976
19.243343592891343,73.01844858550632,46.27251657461822,243.6616299172074,15.243326702623932
18.882016906111566,72.98043322585771,40.02657024430266,194.92734988846362,23.154133924587132
19.086858494617214,72.8515511746915,13.575140830107957,52.714445179212774,17.159946951642397
19.118360131167794,73.05549976405646,24.304670531180623,89.32079393958074,26.561161890190487
19.12835317197091,72.94590672328056,45.51451998391601,34.95356042519002,23.994385428461783
19.16363327945649,72.9603384695587,24.96678322552291,125.3804197303041,14.98244181783906
18.898038071161757,72.855891353043,48.93080671934719,239.4271945545822,36.53391094783489
19.060427527754644,73.09627210098162,44.50358524460354,287.3486867088767,39.9005642697488
18.92136432578514,73.03604085615656,12.595949927197015,176.6688988602068,16.501478463675955
19.19884139218172,73.05315134580512,33.97534159099404,251.1216734296598,1.2870221669329829
18.95506491081418,72.82571050340536,13.577699430939532,278.3937001611231,14.80338190645099
19.159255341547258,73.117534781997,20.772062328855473,206.84248393052437,18.403955858037936
19.115750326894815,72.96144357092595,12.69798612573595,142.02398244374191,14.798576117180856
18.871400431960602,73.03848431591352,49.390629205417476,222.81709749633987,48.7450520683224
19.102186238432783,72.83872756361154,2.9758547615606865,133.38864745526314,8.36199805922756
19.09068786577207,72.97549280248465,34.787296121599596,59.29394955666672,49.786453803999024
19.129662715443082,72.86933594428633,39.454080521686,260.664710811812,5.768836411805306
19.143678340522165,72.83772310375169,4.979676503900077,127.70930266798156,48.8325573522405
19.170973678852405,72.9244191060104,14.092655988908326,282.3310239036257,6.570589691656603
18.931607996152835,73.03563100221339,32.385570161398824,177.80757939056474,10.007352986495787
19.159226033915235,73.09208771223578,34.15569947440999,212.27791081521005,7.109007756492602
18.89964924439759,73.01178117577054,38.02408323401553,87.76416519930235,39.26955745007952
19.16079951933159,73.07961837035482,49.695103873992494,133.04124107932455,26.784884971940343
19.146481159707186,72.92441312569585,2.2795328727182875,22.504099211023075,47.774343822869085
19.248757400270392,72.86389452046922,18.548079641005486,133.19959461616367,21.495329233149285
18.959634227239835,72.93407196112435,48.764083097228564,190.5840009057015,7.279835000449564
18.950752689140565,73.08475064998873,39.69129184565694,184.243316626946,8.99998150936933
19.063733304811798,73.00782785753927,8.927974493708597,169.5336780818199,29.484902394913398
18.922652335000066,73.01721019246185,7.368272794205966,39.772499545518215,39.85605021535128
19.178422373412648,73.07668839940756,35.80957725031561,29.602586119735797,23.128880850733974
18.90684047785406,73.01457121509797,44.113888862084146,262.5364650007627,35.0093114482809
19.235723124810264,72.93338919577066,27.34820029998204,242.23421623849612,33.280125404776314
19.229076843612937,73.01960140258005,17.73641800049459,144.1047341001664,2.872090437059871
19.130909291223702,72.93591171848433,46.90981378565308,193.3508633449048,39.02251702972641
18.944824904977356,72.84403660348285,33.99141905065408,247.46811999407356,12.598469692784043
19.10589872999107,73.07449335862853,15.023548220932014,293.04324030516364,19.08989220570078
19.086575079398155,73.13508706724403,44.830279627516646,166.860971585863,11.552971893259423
18.94007337702286,72.97370012266427,5.682738650293623,78.19787416740849,13.525419032588893
19.137158651696424,73.07793760480789,21.606676855533113,0.6718263817332759,47.101154086920104
19.235771974943525,73.03509982055859,24.48123332960189,238.70657547488105,21.73171699183698
19.24273361526496,73.04618355452386,3.586932571482687,217.6862324511041,2.702479351444098
19.20378803856481,72.85801031115791,44.524450880087144,50.635615062350006,37.06621160322849
18.965763201390597,72.94412206563767,25.143287574660526,141.08307877542515,26.418130724002882
19.183488831057268,72.83156370160846,22.044030060339864,231.80709674715408,5.073425646835611
19.018503065569885,73.08225361376876,20.197528388625795,135.58431260068195,34.67183558911619
19.209906531629994,72.95465428504244,43.69331467411469,201.99823241994892,20.96471107015222
19.132150695522384,72.9724023132624,44.547612229160315,172.23215837473646,26.922136076630533
19.1487118404289,73.09267567791075,32.444258232130366,275.35704566116164,43.29883834562142
19.18530607374149,72.91574148896704,21.228483031612843,261.50261461384065,40.01554436834855
19.034824058721256,73.05710384905586,13.44722587860786,119.47910462224915,49.8620053844323
18.948519580452583,72.861698083841,6.995611384112365,19.654312564560893,10.46583111773931
19.042316467620058,73.00325270795194,0.6833384951009602,226.47927638659917,18.254839077466546
18.939054858970557,73.0130731249692,25.67808390658744,170.32180912752852,43.53871120735442
19.166286385882056,72.84670649329817,32.39049243776988,297.89493229023964,21.890337518905017
18.930005408515026,72.84583980408365,9.961918727221718,74.5496716808364,20.975050072009623
18.980262065862096,72.96198594932342,31.26252818943917,202.71878693541788,32.75181273131597
19.15524350007592,72.82596099422649,1.5930993702931662,89.66178235936572,32.53962845469117
19.125914801057938,73.04414375881424,29.30480174658674,145.25197458659986,9.333707572714466
19.177620367337063,73.04369149279296,9.224838977992505,216.99688851782426,3.609043812795826
19.04158481772343,72.8359576625818,38.83063781640088,227.12074354193317,20.29534634215026
19.01003228373285,72.8991217144919,43.95962565737834,73.92682111590587,45.28518355204785
19.08231022884791,72.92856907466327,3.045742871823398,255.74063447088957,29.176277202147503
19.16603248020095,72.85474863430775,20.93564789565518,51.40392063446016,40.84631418389684
18.878794405182653,72.90540789518592,21.702416458420615,154.79201530626068,4.89596103950472
18.89852788022208,73.1367224789608,25.74657843546332,249.1200067779293,25.104457940112447
18.976507671519617,72.99063969979305,23.756757661456003,6.982114561115704,33.928246156889344
19.217044663033015,73.13656886336666,14.437560495455653,218.6503941475558,31.901108059305226
18.996884540813504,73.11221154499002,3.1849803910101393,253.40972224860468,30.26267874051743
19.14390097265982,72.99874014246994,49.070172469160525,266.5780091729372,29.614290118074983
19.23484675970716,72.88211167882628,39.60980167146666,100.48678774679776,15.733264844791995
19.01916467510965,73.00387434675356,3.121091410634108,263.4486845315845,15.284979983653091
19.121383353396734,72.99265030620509,38.737370786521424,139.2672507268415,39.33487864689663
19.17508711542506,72.95527319408565,22.22884440633538,243.68257764507823,11.04279371327509
19.127225038390062,73.06495521654284,23.157531326213586,203.37782871823427,35.92526656001915
18.946307293674867,73.06913541659125,9.251388909563996,109.34421631208485,10.470781479353796
19.143760332309377,72.83649988008825,21.586676101215318,31.890943268756022,47.63247361658351
18.938505923909112,73.04575227428721,28.597136197730766,277.565463838616,42.42619002861508
18.89474949366522,72.96249799608948,3.570065972771225,77.83223028023342,15.68271593546145
18.951979235439023,73.00122570225848,44.92711741914871,232.66530504118356,45.760632903677184
19.219082489140785,72.87928148949726,23.194890760726235,226.12388302443733,24.415165464734713
19.221581116904037,73.13325743450007,39.33099790167014,144.97003223672223,28.02674781586006
19.084917766951172,72.85689903367624,6.902015855292554,0.39543265300274744,49.36772899343257
19.206087116402404,73.11933425990641,1.7013864649341293,198.98893620300595,2.1723685388623792
19.161108551031273,72.86399003179243,30.172799871291424,153.60961727282597,25.42118632549084
19.11938631289011,72.88751494060175,30.120368454960396,234.3638817457541,45.80281154684636
18.930200907324174,73.03250402808379,41.11506792719592,166.9489818695172,15.297236614099313
19.1232045904837,73.07362573733539,21.346319816686716,156.38034346676636,36.90414397216931
19.171747389013543,72.8153586253771,22.014185557095562,161.8962942393375,37.087400920406964
19.21770081141267,72.88497426722995,0.2935990638548325,99.92721718000554,24.882469222485152
19.170716595884993,73.02398622623238,31.654554146551746,210.7422472090589,20.319908960340673
18.98614140992999,72.94517707041918,44.363368629445716,120.3910246529713,8.285365472349731
19.036192931921363,73.1454226476671,12.416458506321975,152.1517709493411,13.889007204941468
19.023342261599385,73.0359365897734,38.96610814211098,238.4685800832292,39.3104224283052
18.94208908702017,72.93379517739602,1.3462416405026767,154.72122380915135,38.10223225758152
19.067342942152912,72.85734480780674,30.99093991489344,125.7092141429614,29.30236052263962
18.967261128352238,73.10599097366187,26.686268429387855,168.95098992789076,20.036732960953135
18.964073585891047,73.06553632608387,17.538685037516704,133.0099855975266,11.07835488953522
19.07973305956255,72.88220381872877,45.18674774672088,42.16299725873226,49.54558880146235
19.016085546069785,73.129998613955,42.23991232383821,185.70288097982836,23.582879080329704
19.19011555753297,72.88377804309248,24.314358974709393,167.85802590505213,32.8461997005104
19.085754903009434,73.07162564633076,9.301321418968755,169.80560429286567,26.471981049661615
18.979017275475854,73.0239306611825,46.00150846160125,36.25501794424583,44.84020767813113
19.174436961261943,73.08934650246218,7.184737003745795,215.93938658188014,36.038258663975526
19.14717499415091,73.14220685043392,21.333751344852715,32.80512683884888,29.83818280643452
18.965782451433647,73.06770025021439,32.852380397753336,288.9603786273646,1.018334497538631
19.216920787322362,72.97867765805753,7.574541404943325,10.856657753081244,24.416099149895647
19.04404267421292,72.87760739098319,26.59764871305016,87.46249987158733,10.37748961304626
18.89128533970747,73.0072044527935,11.977028903928439,106.44491632619206,15.288317333489687
19.14461483765195,72.91943517993019,25.52016905223039,1.455627788765712,42.58743950706527
19.05369095322847,72.85865703750095,0.2918543760776382,67.80830298260472,12.976171020880178
19.08380140414337,72.82929838138837,6.199652760382684,68.79314826721638,20.96575169032196
19.153150467274372,72.86733394210606,4.126850446463159,173.949394043643,31.191407466093786
18.873295588151294,73.02041435002201,46.92370380899129,0.7736160169380946,14.6965126371911
19.202715383355656,72.92179021126533,47.51840456854228,231.0990023525585,45.99228988771853
19.014662169767973,72.88264130428347,48.04368901758884,121.71530383124971,43.851516080777394
18.980499709298932,72.9264419058155,43.88022758344352,258.97143165318516,47.358590246532856
19.09575910517076,72.89658883351859,26.877827145716914,41.77267544561365,13.77721423923769
18.93799073064981,72.89038340670166,8.090204327336814,215.6853520991751,44.132841993546194
19.194663640862025,72.92500755326003,24.630329619769682,7.961641598102176,16.198382560366493
19.209200134705483,73.01862248561346,9.385031186387948,193.31766705811327,11.218426137694026
19.18265436156157,73.11963914657727,21.63751111885521,158.56364763388123,10.665126755960703
19.180428490250684,73.0403133280469,44.059762788752664,285.9143473380051,20.788477694439727
18.948345034312833,72.91842124747163,15.298706432495585,169.38411086177365,27.76781148222251
19.221187014265006,72.84661040536949,41.31331790969156,276.5879277293863,43.079773538623975
18.93733823057303,72.84429385391627,47.85864260788741,152.08235081563436,34.58138705848716
19.090362483811987,73.10765487002878,31.860556994410267,54.20155106206938,34.49893911369377
18.87810405962628,72.978968432976,25.352237187175454,271.4338013804033,37.901959141878564
19.027275320997266,72.91851205449856,43.817821584408534,283.4949207081896,45.50267397170451
19.046746244779253,72.82705680052622,12.859073391921555,92.26656809139426,0.2769952217945182
18.982296771986473,73.14349587290235,34.74559889484854,160.95759803835497,2.174003457155649
18.986389976093275,73.09595542214237,36.35040351005299,71.55534492619392,31.4020445943882
18.940549874486248,72.93576294272997,40.66448455328195,171.84841355241483,28.453025516808385
19.157416194604565,72.9076404401296,37.8770560165583,52.41357078091641,4.571714147037636
18.871286575103515,72.96183462010775,36.48086484579486,165.27895287903408,14.744159394924806
18.94371897922188,72.90693510672934,7.6757731215864435,9.64205906544472,36.75199195268355
19.057550201420675,72.96560895579152,30.709326764712774,234.9942846219775,44.97376847511402
19.241431934125725,72.93658998696992,16.31824964522877,107.85179796536474,15.588940856271732
19.19548866252897,72.99637514183804,16.299743519918913,83.9059077646344,28.154504940655578
18.97532799460689,72.83779344001444,26.76495393027894,286.4762730059614,24.552295826499954
19.19725824673241,73.06785549020037,13.805206655171093,96.98618196069083,20.828206038255896
19.00330965405202,72.94382113392278,25.76112723514094,15.420109066970022,36.85433626244373
19.18294882349605,72.90378215478071,14.238947999676938,40.02535621530584,4.4836087245655465
19.174551684062312,72.84164490763504,0.884452311935302,47.50600283522899,49.629746671939465
19.210151991818798,73.13185967171187,22.952189392196402,287.3186318465203,49.27575895936391
18.965581294934257,73.10937929677408,21.37512663076018,258.03857881093967,12.143346045928816
19.114555201108214,72.92374884160145,16.518954433834683,85.25675623916713,5.590890777994462
19.15054808604646,72.98361968330744,22.262730656745365,152.72848482067724,34.37060755430521
18.87800913716648,72.92650496698226,46.85149913099293,101.51786988743417,49.7408760021696
19.08195872389881,73.07640899999927,49.035170956480094,87.14828532280127,45.28798784286463
19.078752310750726,72.83273357676194,40.05619912374508,255.3777610295522,4.280410409841773
18.970052579367653,72.99985063102301,29.338582954187586,134.0357281686631,28.811440103103948
19.142115978401772,72.8201031388636,18.524829433274743,32.898624987025926,48.351192297507204
18.91400859624441,73.09568521195155,46.74668909549943,91.03459139025406,22.716247235541186
19.208772854188155,72.94921242447282,39.33222771948846,80.16116800119197,32.35017786283974
18.95611490399216,73.13947356078124,0.1035600539078918,63.99212076600875,40.079978482082865
19.007604894241513,72.82602453597771,13.224542357835107,62.05509286924066,6.804884091772529
18.876104448466354,72.82054772796812,22.73183484501245,220.0363485897826,2.170023031506607
19.242107889495962,72.89559821331568,19.410344065581388,21.822898623422915,22.179702460586753
18.886388998219832,72.81390049541486,29.978461919348554,36.18262087501836,30.530463492673736
19.010467597910537,72.88276410989461,33.951153329365944,247.8964704562216,34.930395282873825
18.947266707801592,72.82633032772507,4.755474905659579,86.94606411687073,40.25050406840081
19.152810181999044,72.99307873466381,32.01432332191236,24.87005201144531,39.75739257797239
19.190919813787072,72.94407509913893,45.53464774406652,283.03107102077627,38.0822216608933
19.053254974528183,72.84324361613737,48.910915435804,27.439026402048682,45.91868643411731
18.957974611735033,73.0555126205736,32.14011267761907,246.78438661604878,48.729284161137265
19.10737594150403,72.83443473930755,21.333971998179635,163.1323171661307,25.9711716777199
18.916492457451355,73.14218676503835,9.960495385114893,231.8780098119703,2.854147437670557
19.036211143584644,72.98211753883484,29.35171533195468,160.3093349353979,47.659742557792825
18.98874473358312,73.0277140261196,15.459210650415917,225.57441995315898,18.569121571703036
19.03419409453075,73.03092189861579,7.86754971010572,170.31356143511138,6.6013184000014995
18.901876801002,73.01678894718417,12.043968836446256,92.72743827949589,10.00190049039611
19.154054234760668,73.10873413304031,24.792498294972038,156.2030721720781,18.600725009969388
19.12754792365492,72.99305444499024,17.695196062051817,67.29991259507815,47.86558621076628
19.076277744166436,73.01749932402747,12.179633889353564,149.7627378333736,2.9189956120421745
18.918556438196024,72.89693069687871,4.723169625264961,293.2548771055864,13.709998865780948
19.241697763725178,73.0252284638105,30.353249455387076,244.10500710477493,23.021705384629065
19.19809122068769,72.84014818488322,16.90001518231947,96.40576662657253,16.654555180914855
18.965305151411357,72.82401328605563,44.704015899318144,198.8747652558262,47.863224706095494
19.047421445791006,73.07583457141757,6.6551022859699,287.70184962108937,25.484129716063325
19.03282507333382,72.81902952083402,32.22484364260543,78.66503596889672,22.64115671565106
19.238101734629215,72.82309287268839,6.131976243437665,126.45072561406346,2.2599016237578704
19.001740766627925,72.82210064061555,2.994799696952355,1.4119670610272417,5.524382603966183
18.932842741176806,73.08162501943053,40.041456047498066,57.69427821198552,27.052205235338043
18.975969273919556,73.03574085811232,18.84000401609343,84.16751948321685,42.623035502385704
19.1054694818684,73.13152170873015,31.41549229274509,85.62885552764217,13.875599149383355
18.994856778748158,73.08208661054343,37.99235600258371,205.72130287647713,47.95472058998069
18.91175015066561,73.13693244496866,33.106552559936056,287.4986273262896,26.276426287839694
19.099550373046664,73.09932740396533,44.482145469860974,64.29097427455937,44.11753773176442
18.996968826079357,73.00168539621959,49.736622167010836,4.075746812003455,0.6771069512751915
18.991249154241682,72.82174043519157,47.91831563715424,286.90216080981105,14.988230753050658
19.189043929999976,73.11159102456203,46.445884009443276,275.02296163101244,2.23001132749045
19.041931145997275,73.02548475416647,3.7136678809048917,223.37987653946368,0.7340715766747885
18.95919066359392,73.05681970439825,46.812892060311896,142.50193328803843,23.311017042465743
19.1895536785235,73.10815097430093,28.01708260116808,190.61933762038845,43.19349960297715
19.03479066499082,72.9903931686256,8.491518340962905,126.67190713692179,29.986277985661776
19.01572004158375,73.0950692364615,46.84065647546897,37.36384115710387,27.460546889705086
19.11515436645684,73.05510299586996,44.01378055309497,172.28532060797028,11.363361770035302
18.943605746547533,72.91948018494588,2.157297076724929,68.19224515588375,0.9902357083145796
19.069430386354124,73.00511903609456,23.705921314544113,122.01050211038293,23.752272264059858
19.189773298879313,72.97233776733954,11.789369095571162,221.2533213722359,9.181075947559314
19.20113783450844,72.99596020568734,13.338787477958642,229.8123924737002,48.498582698234536
18.960284642117752,72.93360450667765,11.047338021236463,293.0336770353715,34.557219969355884
18.93348840850782,72.84294239364388,35.14176934182078,59.29996601665996,19.665201565099526
19.185660848880296,73.05124085938296,44.63627657929262,290.51681804087747,43.43592829383471
18.896586710851818,72.92637284502926,10.863542578447827,192.32291248129155,15.267968003409132
19.158598247770854,72.90454498106885,1.8732077250720236,288.3375473001758,1.6011053031572131
19.125635600322394,73.01211152258924,27.880345892060483,48.89274686394548,37.742944430611416
19.074119384054192,73.07260915004109,45.79619172490703,112.7065409328949,43.962607458146536
18.934745659816034,73.12108207254437,43.974894649436024,57.56198201488554,19.862368890980147
19.15117493397131,72.92288131669906,10.435120759979899,240.9371578936741,0.5672657716391138
19.12439810937666,72.90175554592415,32.883791273482785,196.75517985173994,16.9801341859743
19.05849522717929,73.12881187150005,47.87539962354764,37.10084806609936,34.64231133653995
19.23215434353778,72.84126808948386,35.7218863707689,181.5578876862756,14.278970808523972
18.95990111526278,72.82339620978892,23.717624877665678,224.47444746288704,27.639911846436977
18.958472855030706,73.00888094782165,27.13645498701987,229.54202402415177,29.3351003710492
19.08209754560371,73.11902162779961,38.48291285829077,275.6084571854853,18.2535863019446
19.220478827482534,72.88321028917932,37.3257900509862,264.25263367840137,26.367559862925788
19.017691879452066,73.00929797459028,23.982801386941343,207.4310501688613,25.14693328164804
19.131074020827405,72.9600759644852,22.28881888219486,262.9616701679334,3.8498094833495475
19.028769100653083,73.03090732251457,22.2948544266855,175.26762674286536,16.836831209978186
19.165978511126795,73.04810646336685,6.75633742970011,193.1111827191514,31.159852732491643
19.17769245258743,72.93782955592802,32.745454451776915,22.22280838542563,25.470442422236456
18.88175419722132,72.8288312197532,48.22590894261443,90.13028507683484,40.278118377576675
19.07176733920958,73.07626894901826,46.027625856477655,262.9642272878434,12.823441266959811
19.209662660042348,72.957871354307,13.544979760445846,244.73758643209112,47.01235905823026
19.212983927659486,72.95777296445402,4.22504696824022,195.0917495894756,6.333938159990166
19.236737075448744,73.11839337063923,29.82448641464583,251.44037390886422,14.331175357681857
18.90221073652496,73.09647970896576,38.35712046060946,124.13796778309326,4.141777268548175
19.024266463960366,72.82479784069886,29.35061099125743,250.73730260813696,25.007340837442115
19.075351051661816,72.86123922574875,43.355531822143014,201.36093521790423,17.27956183272754
19.22677051608082,72.95179201119655,36.51075822422978,242.83625493738893,23.258573291672363
19.0296892207168,73.0180589337025,21.762354357403442,37.358138824186184,31.32907856757592
19.246724218136976,72.83405429311176,40.39513235157039,270.1907626377052,6.691063501254929
18.882438032511015,73.13267361767689,46.00322475401046,86.0220757890464,44.652677899820226
18.905820578895597,72.91680390304204,26.213291368744834,144.32657894770645,12.570571062200175
19.111151839915284,72.89016497241448,3.2103004543497016,198.55067364167078,21.60260150254521
19.060186185408472,72.82304060057973,20.807850893231112,40.076636169956004,29.43372179404103
19.237788214043007,73.00795264088272,13.360734261406403,102.89920313822142,42.78140726138356
18.958366261399913,73.11206332247143,9.813140794876402,130.61141988198216,36.77671622163096
19.18226055598313,73.02945808500176,13.700232869214174,60.11119042886409,26.11658408662134
18.92466688312596,73.0805956055983,17.250504020538553,98.99293831602128,1.1629663421743042
19.16404934076559,72.98472997198223,33.28995600453189,49.26617682352074,19.389913476298503
19.154695107683985,72.93695322509318,6.876777751326402,200.76454099011218,8.654677174418124
19.16499850550483,73.01127031159581,31.974023594276723,127.12092446322023,26.128672276219056
19.221226266003967,72.86489900985714,39.649581439312584,55.699493913726606,26.640735640372696
19.002157877444475,72.9024225117553,23.495396632316606,187.38761478639034,9.057074662824316
19.10073368067174,72.95609484133654,46.13107000945037,289.1807498407982,43.10863985556696
19.209666997280202,72.8590280160259,7.018249974146718,11.937507006566229,0.5912433198799194
19.17006150064284,72.89156249651283,22.527335523585386,207.80443963436517,20.947094138682882
18.896198228124547,72.8575303706741,18.288530689510825,235.05745360772409,9.306283545481275
19.00746054643757,72.89559235529852,37.74452675517569,122.0745088200388,15.317928633788352
19.027805039645006,73.04090058350893,41.68296863240868,133.39091652104426,35.381841767026266
19.199200744143933,72.97558522043406,20.546213064790624,223.25546065894923,36.524785870065074
19.041986614380146,73.09436400979838,13.212790788609835,14.385323993976995,19.61911928270762
19.018364614812956,73.0070281772731,33.463796544974294,39.69980203304816,38.104653471086394
19.22478372213846,72.92167099879838,21.627519908675787,220.96003144705293,11.333177054630056
19.19702146399671,73.07702971812674,17.630629958056904,10.780225396725795,14.999745740393355
19.07161679080316,73.06587986628608,15.11154831047436,252.00700020896784,34.86233657659425
19.166733430490048,73.0609116109097,27.425820506594352,9.240412963161349,1.3103254436279688
19.14457759199368,73.01976935795821,12.891875476546133,239.463645431836,6.095558941184104
18.975903330025652,72.98608245235293,33.480391815932805,55.017634861207284,26.368535076222045
18.910177681926886,72.940264211692,18.021022488118444,207.8936807203658,10.473790833441566
18.88492061346938,72.98603890040417,25.75687581075707,41.13488159867169,22.822626652637577
19.062798427113993,73.07359385359335,3.2381566285415553,21.259689678501793,38.38500620432442
19.23315892678072,73.07125263483046,11.453048697617035,19.14547050836406,46.686806523677
19.232414812288265,73.05674536069755,33.08782922680675,47.74589820933968,9.92206376284453
19.012484570789685,72.94410996610898,44.74644157993753,111.69779872691461,2.834466946702613
19.09239184818311,73.09312036803087,13.665970575397912,183.2373016516416,38.444973676629004
19.18241900987223,72.90673113734327,30.73463777496361,97.72524151637356,9.240500999086333
18.954797593691087,73.14567641569373,5.884963819626416,58.73409258681104,27.914773920192392
19.183773464268402,73.0524094597493,32.568335895344745,102.75863211754461,4.510259804489925
19.23724515704482,72.8208986005102,46.67033868774257,251.6403422729807,37.509127886876975
19.00826271938797,72.89284740499328,7.86595048665143,298.2992599684719,31.372532813695344
18.87373648151805,72.81747260699755,1.2595819783283058,21.67809377347808,28.117907421752196
19.196090166939918,72.92506212679629,25.86931946268794,182.59979429440807,30.800821043104058
19.05131268024103,72.94659545035229,38.585831634870566,274.29938717202566,15.969263666999522
18.896074529695202,72.95276291750572,11.904078016712955,106.11743568373097,49.54893536561446
19.187454147849238,73.02189662086232,40.807117084132805,168.91214658217828,27.137820624608942
18.94444523750564,72.98490377071332,3.912196649757893,6.261494223083874,1.2534232451561267
18.964802253594,73.04211386108138,2.061990376874462,11.213605353169875,25.27078038172279
19.121190067066586,72.92558973286373,8.8181667612591,289.21714500359576,16.22107845245557
19.090326931633594,73.04500258965436,19.040017261264026,135.94040465861994,32.7684505412085
19.235402955018372,73.04165622356493,0.5984598389097151,106.11962365427732,29.15155830341252
19.13207682612542,72.89770151085354,44.33917256853586,55.926198088580016,2.538781454721284
19.248063687609456,73.02399175528582,25.392841810157535,19.178742264057792,21.385018885669858
19.062251389466983,72.98025610948831,11.301289768820194,8.930757542385637,3.2393456959989853
19.054769080932655,73.14396574832983,17.34895566073219,93.49983241481736,40.639384605151626
19.16021616890119,72.91675439443766,13.63841216642972,0.2863161007265025,24.08523947604332
18.99303978867519,73.1046513753586,34.33381393260889,62.96455462114283,14.73170467638662
18.887827154653582,73.10660335189012,16.291146522126187,25.449559536767342,45.42969180670992
19.125417721774543,73.04310690607323,39.408749339758906,17.261933550905052,26.494671751236666
19.017401061235045,72.95006416064356,37.6692911823356,143.12552599213353,48.23938001570715
19.02498089267104,73.13008866598874,18.321945568427,23.921246907627413,13.42044510554629
19.097792085709155,73.10966602892731,24.703319008028025,273.284275889482,45.98697354453293
19.22779964766825,73.05421397140478,12.453269136937028,28.459060420834092,36.66547243834249
19.03596986849732,73.1079306977255,27.56241461316143,190.82853428899605,47.834801126105894
18.999287392133677,73.04814898993699,5.335835301118907,102.57756749105343,47.875082462598314
19.181402388619205,73.12731136239825,47.02945261568036,271.10031442674926,15.307710548986291
19.011344641453668,73.13318332431155,48.588345067996826,162.05273479739546,47.6020710912126
19.048530384935226,72.82154040861272,7.344809547001951,198.6830353560786,7.689285321812117
18.96440048356692,72.97841428514707,26.366040125840033,81.97548837410183,19.540132279385038
18.979828758887887,72.91422776399227,31.55745424435739,195.69897037591318,12.759272916243392
18.882561627740117,73.05534826029948,38.93132372393661,49.62456709707636,44.73422717649251
19.046104103765884,73.10052819547629,5.28050600889331,0.3408708973616559,47.96582684753987
18.905615949993535,72.8185316893298,27.474325356883934,177.59556084022026,8.231230403365508
19.146292796870615,73.07657717639034,2.8124670223615866,20.28066841235906,6.249537669028737
18.954478775014742,72.91803292202833,34.162086522245424,272.96951578631734,20.007171523961038
18.922476689265988,73.11104837946468,25.050603890484073,216.66458661151844,22.655557736808625
19.060039716345624,73.12833549751737,33.07440984303106,250.18867737177422,29.939218523009174
19.221782866946864,73.04750239421107,41.568089574394406,49.413140639282595,22.79788959452757
18.988865989663573,72.94330647604443,24.973501651635672,176.66541950701745,44.26366078868803
19.147805910330813,73.05159650961612,29.832556529400566,122.35110690488989,19.507527750303367
19.072063153502075,73.10811321984654,37.20366158899603,113.03651045865836,20.00556136456
19.155416672741733,72.9098510897697,0.46660496561164444,143.0157479575635,0.7460267422820854
19.090602771508546,72.86055647987675,43.41003259543702,118.51505996046666,6.5536063163952
18.97537389471366,72.94515236350921,22.803590457603494,81.96407784264512,21.47078251711137
19.032414622160548,72.81830668968881,18.738819245622995,26.131497817295546,32.396247759389
18.950025079481836,72.96781284379936,8.34591504721211,86.0653837941196,13.447327903310619
19.249677411079098,72.8116636867522,40.394075282034926,31.629542609846695,32.18307980051458
19.136988577618357,72.89931615655563,4.173548695928597,122.01082941013915,3.281457385918296
19.205685893396858,73.09225948393406,47.431253412220784,5.31920148712719,15.738091494837963
19.199499937867827,73.13432806701603,29.887242650116637,266.8669757767437,11.09168115691206
19.24347427575867,73.08401846681895,38.94463121180722,210.98079976854396,45.99131918103503
18.996711958153693,72.93875193254021,43.48523864495019,291.17299216585815,26.780086911851814
19.08034212316987,72.84293131088842,4.752900924560899,261.0220439634893,3.9668812883666416
18.997450338267996,72.84079549932467,18.82756271652871,122.18190236861118,43.953648691442396
19.173084387929176,72.848162154537,47.01057600490479,108.22088215806174,38.61375604233122
18.904240454277442,73.05937925196595,16.930691977431994,47.52541132529362,17.713730811608357
18.910152229772976,73.08446804907166,21.96169475154084,206.16111789566258,15.694416590720273
18.955346411004545,72.86044238073318,43.50479759673626,3.8329154007427313,26.82414793637971
19.19016278559531,73.13350483449416,45.4897600177738,196.77704480278237,21.966581941285895
19.22067782180002,72.95997508249349,8.463075323853714,42.63630803924116,33.756331240027784
19.17036654741117,72.82692804885505,46.883398316917265,293.27962835321915,1.4536221653602521
18.890780571415764,73.1275718141922,3.189877101137645,60.99826244687223,28.323841086356914
19.115015581979844,72.91687465937959,39.442300570486836,85.85562680015562,35.272487330012055
19.242178638597455,72.8723484896644,44.539134506496566,283.84373077457167,6.407038926632086
19.10583831861273,72.81399249996137,17.0870410121904,195.06269699437354,29.825620694786934
18.90834799911369,72.89977679817234,38.490702504122666,234.44225727225285,6.7916983381538625
19.012565948002933,72.8421871079562,5.712997242739587,119.53261099120007,21.729520088950494
19.000460850028226,73.06404824137402,18.810405610576293,220.29502520263054,34.72637863447318
19.22083603349135,72.96964723782575,25.06431505456273,299.0626540413894,23.847790259675705
19.108479124673394,72.89320758973024,9.171527696515657,150.4715711641497,8.138700535848443
19.163617006239186,73.02724888662753,19.25020982963041,260.48635835195194,3.1215052189594195
19.036711318396733,73.0061806992482,43.669872172493825,161.12885533907433,14.005730931870863
19.097009535816515,73.13644681336632,0.07053981083898209,155.57254293108383,29.865249582131202
19.005549897941542,72.94392975310629,31.080386377389914,271.4604565026629,5.201933960259309
19.004279064234197,73.07156027223712,23.454156062263955,192.46237282461308,31.84377047557569
19.151884813429785,73.00237563724743,7.8339711820339275,180.0455722941506,1.8493925972048575
19.02402054859138,72.99086375520025,18.37331922077129,16.060179417879116,10.011930771525806
19.1941540926915,72.93329399650769,33.40511674182159,82.99407775716122,31.735079225242018
19.090824334229538,72.88757937439868,32.29020727230632,149.15744442180846,16.506862898028295
18.91314249632656,72.92626480263777,15.06657553737185,151.0892126304585,0.40837303905630895
18.98980550452323,72.92362980252807,19.403575314689498,296.44809002655415,43.95608271508207
19.07307877767065,73.12879259427018,33.123564191094204,85.57245611559264,39.76901955393168
18.972230226338578,72.93796734163735,16.801454274436555,166.65308741271002,30.65285385363398
19.1094793223266,73.02753050862911,8.690049940628125,216.94030932110385,49.43258376346172
19.082420066842673,73.05649917831718,36.822436755773154,137.73191857728972,12.238667849677181
19.24825024922558,73.14510622890158,9.679038075497177,164.28306045836186,45.23202740665265
18.915395253542197,73.05813895265523,10.276327163665954,130.98452931264487,34.91611154885887
19.105054404928705,72.92407107307794,7.98753821096676,234.2935020299657,18.304574902763743
19.048822433480975,72.84331472302254,5.916925157973813,254.7633921422515,0.8474373181051154
19.054490714117517,72.98011751512416,13.239878023461133,181.44900288418663,29.986979612031224
19.153632150341323,72.83982215458155,48.630022787392804,109.63284393916967,32.96990791577255
19.103557786315182,73.04849328086492,14.722468222251962,67.56540023123118,17.816355852829613
19.119710725676487,73.08121957224635,30.8627935508977,288.2559025220844,18.805831574595466
18.887941330286708,73.00068466837598,46.06033791753076,278.0309465812435,48.27473125506121
19.076518390829968,72.87693358885238,22.669125155688512,278.33806778547057,27.677720772263893
18.995643998151902,72.90588066839747,36.12869485386771,289.8292751220085,40.08170727911685
19.140045985101615,72.91746491504925,3.2204211713708575,185.3948330237731,30.32366830537494
19.06827447863803,73.04621383130889,7.101069274706551,109.96957904162133,38.77953799030641
19.08383437958112,73.04382768813284,34.43676196858279,57.68362089296593,15.583797855735437
19.1131269151981,73.07718577137217,4.6102478112621466,99.02968077748243,39.18526447954939
18.87310316663668,73.10526991334284,43.067477722169414,141.1372381986174,23.39028604945848
18.998074095023934,72.82060779629323,12.068840719186408,107.9433117078654,44.367888300246435
19.025016798275246,73.14598894221871,31.604325368521696,288.4913970097806,39.69596903714967
19.055522093695984,72.87861023610941,39.48523494371728,184.2234442876897,37.04155968988218
19.22108210649066,73.09659210762963,35.07565320400799,186.5341751107321,41.16354301773825
19.16816917880484,73.08676670716358,0.8967046953093749,183.31695093383698,31.87843135480424
18.899914053749534,72.92568961541807,30.93924996156079,151.6053845481077,47.050654639045355
18.976544575782757,72.93799011445677,21.14633272657816,228.99090827300634,39.57894004161787
18.97096868552113,72.85301726625832,12.907068050563296,192.38959802968347,46.59255371009911
19.021459882009054,73.03931512549299,16.76302269209298,78.15812228865171,47.47662004124397
19.009356763525123,73.14977513594503,15.349637935611781,120.02959620623531,21.738873470970105
19.09434131762292,72.82403066247532,32.72156385280531,253.16355864040608,24.517913017039568
19.17046597073697,73.06726970268835,21.130469304418035,281.2595418466866,6.413081293335532
19.034979429753854,73.09361689608068,39.80907288668719,292.6413437593427,39.39155821925355
19.146819641818766,73.14574384112063,12.55852372583171,144.37657516673792,18.610857106968727
18.92154596971303,72.96160753050988,30.25659852888749,238.71077283433436,22.332928238031
19.106843652048003,72.87499286077154,17.0983851688503,208.92345556951307,41.71267279755197
19.054911765221263,72.82700329153616,20.845451389178027,165.25851345934623,34.72955127712311
18.948172525043443,73.12169975111108,28.295461574108703,113.50694411168092,4.20669056031357
19.094873771200355,73.05417497069683,20.116651097446674,232.76069927465136,38.84091203213912
19.00180478103271,73.12061746688289,41.26402211622373,161.98956981262614,12.956882473910476
19.217817634748965,73.03731334824882,29.359968840128854,208.29368422392602,41.15287406501457
19.18588514843164,73.09738197055184,8.078683013982168,55.12459018124619,23.615493502487073
19.240967063922707,72.82015197025866,45.81473789119644,8.568992031838885,9.934107810525944
19.01839179974216,72.89660389077132,14.489753192279647,197.86672325639307,29.514134976596253
19.079563875373314,72.93153038162575,16.366082144582165,85.88264648157582,42.01450084038198
19.162218679384768,73.04767862887222,25.206247156507416,249.59270546978354,30.67420986886993
19.19012567207764,73.11471254460419,26.357633773885397,175.4026391016516,49.880678754897886
18.947793797862364,73.04322042864337,47.683667634659926,204.6085252433338,24.961518027187203
18.962527184104513,72.93473881007381,27.28956494478279,168.87160823025093,13.025447210131158
18.9494052165532,72.8171814225895,7.892581840462415,213.9843670189817,47.72292956957309
18.885742399739534,72.9198129355696,5.348074120216367,126.45056146868127,23.59639836323962
19.015983265722138,73.03891232252464,46.080730453891036,113.77803184951986,13.628398018330984
19.05102154447146,73.09314111090043,32.63147509137019,37.06287993810158,48.227288607030985
18.875944572591546,72.97471793073387,22.83979515755928,120.16903337384497,9.177803183953076
18.96629818190767,72.88493195017867,45.32274702608749,69.16674416036285,26.68674356506352
19.08354502123313,72.91671967775281,39.96908542597225,44.649113519936556,37.74303930273589
19.05700236393954,73.0287857251982,44.547662776583074,159.09043512217502,6.960609865826567
19.0899034909248,72.82081573386725,47.98551286903017,87.45758957429959,3.1023893219041696
18.889257696193805,72.8712694309215,44.86333356047022,9.626315870822943,45.58410148855359
19.145355662661757,73.02211316300176,38.26423840885318,44.140564537432134,38.386465536815884
19.1468163579879,72.99748185860358,39.19264175299186,263.4056192775228,6.9966753304042175
19.11515269700999,72.89040959774931,36.29837292242299,221.01353710689736,11.787594095130222
19.187005222113385,73.02676710010932,40.218999514953175,66.65615076540006,10.128506950309996
19.146741547472775,72.90008898197539,34.22135380692578,296.3137694679274,13.9544861415775
19.116125702254394,73.11418545404266,21.919440666645016,240.31204049999423,45.97872559340926
19.07442829097846,73.05591638200227,38.36303765848247,240.18427449236765,19.063178759895404
19.216263694174984,72.81507569636322,15.845649264289797,50.907435086952205,18.223865958894077
18.978650125479454,72.83762268536637,28.688789949360004,196.93600624980573,23.481031845187182
19.238551583200163,73.05569646069472,42.310435670787534,261.6561202539631,34.13223178678791
19.043143784795788,72.85850553040144,32.34565700113695,223.34561419076994,5.249600875594479
19.239254695029228,73.06757871668911,46.44823179315077,109.81276075497595,32.45330031908579
19.142035031453844,72.97664112320382,49.617558858208746,184.95123455809676,20.746966869511308
19.21243493116962,73.04357735561469,39.2178702155214,57.679459542744326,22.528425778991885
19.13912631690069,73.14083742879308,25.64748147056271,59.558246990800335,4.797106380327226
18.935826069268,72.98050758745018,35.569454560413476,180.9257589589775,24.320946740459597
19.056008516559473,72.87449691191168,28.963775798330833,212.79112933329927,26.110769969767578
19.159418268606405,73.14391076392926,39.25832987707208,192.3139920211888,25.12367604343357
19.126052140001185,72.85170127596807,28.692829791231972,45.72159549157212,20.544255961680953
18.91741062785509,72.98681243090482,25.449704631791032,126.01414322517283,23.380849885137884
18.947155653128753,73.00454804205718,12.840087799854594,126.31868867797542,31.78456490686752
19.06316023889431,72.91281303437668,41.457446708759534,134.74314862021453,47.39499433428141
18.958829266459464,73.0453800362128,37.808026918539355,166.3858954309677,2.093019955128889
19.0988738055686,73.03929964051106,11.483659313684209,5.279018924716805,19.437812620900857
19.10388811813239,72.99154024285882,28.78553003719671,175.89748238031478,17.796123538947246
18.98261826867477,73.04018959902945,25.723056999202104,153.2356903187943,34.75038079527943
18.933846952429732,72.82392676153046,20.328473649304247,243.8633574761059,22.756593714483277
19.207946953132524,72.84435834829941,16.929237036575305,36.0344401003313,36.13755670535674
18.923731357721966,72.97458602375092,12.442804877915398,267.7952229375243,11.67286237034897
19.09624787930482,72.94843498793692,13.01143600867602,100.84843314976692,32.944125959494805
18.976805660977508,72.92189297929866,2.391651901731473,273.6314959603224,6.770117198160186
18.95764201234238,72.96063729456489,9.300239089942053,97.90484983215319,12.178347374011073
19.243620915179218,72.99647871055426,34.71066873935101,137.96746801300588,40.727254565260566
19.186416441977,73.1077626498685,49.83014264789157,105.45944428041805,48.33649665651443
19.08852331012782,73.03044208029814,26.39536407855782,27.09039392558783,14.359125256521278
19.035955687650308,72.95789359531057,11.987279525220828,37.307139792424174,29.154568311215474
19.081473176076585,72.91664547311618,4.5987130741116715,76.60429256890652,2.0129524471670655
19.19384598264109,73.12687254518104,17.50201813482093,29.946948244629958,17.999009852284974
18.90485379994491,73.06808883323541,42.741414411985424,251.0020193946188,26.805019045547457
18.903538437723753,73.11283762839024,40.51779570123457,297.1223756873707,21.540646454220912
19.199823517704115,72.82246149699479,22.188719271784567,45.80406873477948,43.04851809608986
19.132234710736718,73.00245878691183,45.56021013468906,289.9687701970321,33.47834534236222
19.141783796246337,72.9708804249367,24.70850561766722,48.02035777580822,45.68724446464152
19.16714176737111,72.97605269873947,41.96353910056927,116.56405542651179,43.7985408015917
19.226718436964006,73.00418255027549,45.13285260675872,262.21202706705384,48.990235721102735
19.16604967729171,72.90028821280734,47.161381052925115,22.621223978098314,49.48800144649832
19.095297292038133,73.07113187763669,44.42678688567707,269.80281813026534,34.89160462815401
19.091886229593136,72.92269655516542,42.547940861117446,191.9470209572293,49.548533564925776
19.066429477082515,72.98581438252695,13.370449862200562,67.0903403335651,48.282288687699065
18.871255093141095,72.98146277137589,21.76603395670164,155.08081617085574,38.1263388383859
19.120075675129094,72.90141968039642,33.86146886506661,83.07454256621945,0.09384424565394012
18.94102410200021,72.87030629566948,30.5088481326049,76.14289527664734,26.870236775252206
18.895740814299753,72.8390587643443,2.005149630097752,4.490070081599528,26.331758225312658
18.897965305788023,72.93769599268145,19.53428389426582,36.921831194037736,45.991679171050784
19.06733887528094,72.92900717237296,26.47454490994737,35.172698899961475,13.023969269270708
19.154557613779126,72.99287618395527,10.025331609272936,85.25343033283596,40.27461001017741
18.947314226152965,72.9530469184939,18.53504878440181,14.193160822552265,41.02180132338542
18.920106097566013,72.83277514807995,24.973198066508022,273.2800797931702,10.641880290887828
19.077260559819567,73.12544144977468,24.38665007957695,29.161836264301066,24.242209134955605
19.175034463729407,72.97719878965998,16.176612116208737,236.91923198164068,5.829119731258903
19.194303663281858,72.91895235541482,45.374932088846634,175.7594905381351,20.546921686376905
19.11589791937468,72.83874868643674,21.287468230110207,253.09705295876498,13.175500373211174
19.1470399887509,73.12713626229127,11.716766954583175,186.77856956117506,6.962392550172841
19.041093704405284,73.0666547004763,38.068594503463665,147.1565636743659,10.906341318004104
18.87323210905339,72.9853006970412,36.164352996714484,254.6077138823838,13.438892306578559
19.218212471680697,73.02777054320104,39.6899996951028,187.88776671858724,11.438526272353133
19.12107664695202,73.1295047752184,3.2544846576625153,184.62364531709736,5.834509209217415
19.031207750626614,72.86830561850327,43.7211327538597,177.78140168894853,12.413831398157505
19.017919955280167,73.08604934742365,36.23978561948786,146.65924330344728,3.7479952079411016
18.980083163977444,72.97203779776294,48.656485458776736,172.2033535578011,44.62129118498362
19.04603387501865,73.0883293079359,12.710428520799939,57.36061292090341,32.642057801502936
19.222663091979612,72.97459817127091,44.83830296417967,136.44817933233992,36.009044844353525
19.22907570807077,72.83621072892332,38.196094260593775,281.4753985752534,31.378521588730056
19.045201976533978,72.86768235174736,29.3358957144496,239.5602387680827,25.594955769438325
19.22559153557738,72.97592330894062,2.175274867792376,136.51473311947,25.15709275940152
19.143513769275188,72.85909961035371,24.513955432765975,286.0071166140329,46.18532840811929
18.90785952240141,72.98987200484645,33.34474881831066,295.9725503026536,25.169302304058633
19.035158446691987,73.13985561664413,0.5791017148015831,47.27664200274619,18.636321657815003
19.1348165430296,72.8202304310693,7.911273000113056,127.40489608869896,0.36202005364806555
19.124090980388864,73.12273965683914,38.68946681179698,213.61713881025454,5.23892108046558
19.073517233047195,73.07320239964875,23.937647200840985,103.49459990705502,29.92943905330981
19.079862315760536,73.14889727756697,48.93111775290873,83.13582008472783,0.9625422210509049
19.065199061650436,72.90612637923168,34.204486341015475,146.76948799655173,8.474591379173862
18.997689120940848,72.86382821659315,28.738416868452255,39.04434381558536,9.837978242504498
18.996679746910214,72.90738237120588,48.08576092646522,268.44634201366506,42.02426957900708
19.12237257086489,72.89674978052895,42.38067555272135,47.71384205443234,35.39517385218336
18.888701649222845,72.92685426585962,9.997241092888542,16.560175223736262,37.760125108114835
19.15711655433321,73.00932599576656,40.867829155837434,121.48212942590462,41.58195476957346
18.982587224451976,72.89886102475441,14.646390875173642,99.26403845693905,23.746458098149088
19.178453764632547,73.02057373077903,23.726794968300524,200.75257469112054,33.8100817849164
19.065914966001213,72.90048742314451,20.493850493867942,248.59937480865014,6.544225857578256
19.247448975439994,72.85399601328412,19.173625449630865,51.73207505489334,43.638076016647126
18.918727300807,73.03892417154604,22.76957552266201,220.76536624143895,49.094649924717125
19.024433135009996,73.12048135028516,29.562449306096273,226.82052020983014,23.211481374060703
18.8942986029202,73.11656445155013,43.387579489323684,239.61230495048773,25.699328100181656
19.06727419770519,73.0114231276242,24.60505319834375,193.171116262065,43.19543711478234
19.16079075582811,73.11705933690298,3.0254293500969256,148.1149077150288,34.46765179478961
18.959751086693696,72.89841028718556,47.39728834884817,111.07995890299563,30.36023085538536
19.002893823083674,72.99633103267067,20.24964568001281,100.06932685845096,20.97473290950804
19.17051661102161,72.92793928756178,11.469650272838388,141.1787274938867,49.06875676658589
19.03948192508742,73.0218497391787,38.384879361842444,74.07702757398441,22.393485235140563
19.132927670015377,72.99652851957181,30.65872175462927,286.0224718923939,30.919097366221155
19.01488094917926,72.84668049021955,34.30580468828502,84.88731063598176,29.636279511585528
19.23378979136886,72.93501479923472,24.35656480243573,279.9359043991527,3.2146473000848164
18.967257926668996,72.9278098240542,38.949260212322415,149.8709232428851,41.64517848891672
18.896215119619946,72.8157665985831,4.255121933495781,21.85103487292418,27.241378905814255
18.938280405227495,72.86637317510504,34.6024283214277,130.99075999856126,49.29941475861928
19.14311912464784,72.82100332340168,38.304346179289794,288.938723375852,3.4134803586687914
18.990259299921224,72.87260689663285,32.26066404982756,215.1334126259353,15.554333512233265
19.23861658463305,72.8814646994442,19.828465320957804,80.41125248988494,23.048888252909588
19.248072813347612,72.81671879140278,36.558912497084805,234.2125528075827,29.978639578887073
19.22686044098014,73.1112704053595,20.217865371769538,71.34832931755521,39.9678099405594
19.035773344645506,72.93152854282533,6.911775558724143,242.19364533479865,16.934111681978624
19.021644861589973,72.9056031453254,39.695652503611214,99.03097332846538,48.615946893048736
19.048381972347695,73.13334188413967,14.434486068155582,136.30445799463894,32.79865636198473
19.096890099489645,73.12505452462452,9.378374730609867,201.09245294201313,15.494371564066817
19.154393732300267,72.96232424319378,18.309317213718003,255.1170968127116,36.21445111953188
19.18903945476015,73.1057976982897,46.49994729399814,4.587529521154465,22.670110838096235
19.075596226207054,72.99091410289735,13.345115423347004,258.2835670072612,14.027479756032173
18.90881715271426,73.13741341292787,8.345727490461973,287.7585840356691,38.28251027428824
19.034638067879946,73.00319568293916,28.727450815245305,91.25452108073843,1.221741027576595
19.24034947339835,72.83822132134057,21.164160388341863,194.47099094052686,19.29262045884125
19.052342972539453,72.96082132410328,28.95587036527824,187.81430687049735,15.460293186351997
18.910978575898746,73.02901728716523,11.37020935438462,132.09053674994266,17.143091813994698
19.038799421946518,72.95447053634004,5.093571063149671,260.5025627161482,44.88302626664931
19.13289087142653,73.11842054218819,36.6200929880513,61.66823556004493,31.584711530408576
18.969657897966446,72.81457678389897,4.978766928406553,49.25524375001727,5.832867846050693
18.946916374575057,72.89751718685402,20.327403445668114,203.14056817380208,19.65389576174171
19.013669434136194,72.91620955123827,3.8574630489358386,244.02186673874246,12.406878987100983
18.893809530409648,73.08778053045411,45.90570513957787,221.76645054862894,21.34298071337641
19.01404506526991,72.88960474569475,5.590265537943412,159.9621767398479,2.8399263704784294
19.154701406469986,73.13016756559234,37.420555277441544,181.82926090813487,16.45729707195181
19.14152743509708,73.03827938062925,18.357051602822438,172.63864627545829,1.3654506182585402
19.246741397923895,72.89251919932512,33.17346719963464,8.78148275664743,15.75891319467294
18.89050673891445,72.90734375486454,21.972271466158872,193.27919209981508,28.33385395483841
19.131170112040333,72.97224864574045,45.3884218938974,211.24285188194895,25.343700623138748
19.07394669881529,73.06439938295865,37.128348493543335,178.91749747651085,19.56958006553186
19.18685171712941,72.91005056744883,42.9640497935257,78.12462421196577,19.154430319547426
19.02944201973368,73.05927093710542,3.3297978193675695,109.57839011627823,16.644969214871946
19.20234959508185,72.8887311687941,15.379682655660265,56.424975438596,25.422004155285055
19.02450544786937,72.86917149943756,40.270320169236975,258.94822271480473,22.552987051995093
18.948409957666925,72.82944898372129,3.4598024457826337,264.5583990387802,12.224560959135665
18.99912761596642,72.95746473997207,5.489109699009792,164.92519759500337,49.91386783904731
18.97883347836087,72.85902617513317,30.768385757921607,156.80050986773622,13.800263327860762
19.046536069006702,73.13202481932274,8.78087179543785,177.51533393864824,46.46486047778928
19.021923155647766,72.8134813705831,12.516209913491128,55.13449674382902,7.099733643342038
19.23712715399176,73.06484762316214,36.66309258427092,1.0782354143852868,11.938314044379828
19.205995161185534,73.11284226700424,24.340543190442382,40.22533236546422,38.895119822808496
19.178059391587574,72.8670486308969,16.08586903661263,46.166747039312725,39.26580071701539
19.136292829437966,73.14315449729774,36.365927412700394,222.6581172107867,41.22527187979753
19.038111558220315,73.05723094991727,33.05084309664224,153.82401895041747,19.01993205470308
18.978542082639663,73.04413519833747,14.951146790920122,254.26176523276723,28.749089165205614
19.1444381849816,72.9876422890868,12.740098867200677,275.35025331017073,33.865539299494515
19.113551135266462,73.06838109155271,21.497583313288455,286.82517668883474,45.14598308920216
19.09909144931048,73.13814344367525,34.92605965959897,109.84205930907446,10.850384088818
19.153971872950375,72.94514424016994,12.600541410235099,118.34475186528685,24.690435375374264
19.0893555112357,73.04033563924905,4.496007617311565,280.77403405645197,2.9152829212681586
19.19625486526348,73.13951818715225,25.72960437767144,223.2846426227544,15.256055960176273
19.063050467153566,72.95291291072706,3.2100363621272887,155.00670195239994,23.072004524501548
18.911754855174,72.81301170237525,45.683647049236235,263.62346980393147,43.98369692934493
19.03739411431008,72.96495600194179,46.03303185414818,101.58714930985809,16.64983728150255
19.22681232017285,72.91293440517369,12.998186362377812,157.00041276812354,32.208468519730026
19.12238337545543,72.84524052278019,42.1571908182428,176.77339286952062,22.539579882461346
19.05566164176079,72.81133764076928,49.175436890449845,145.7522387497013,8.450225177802755
18.930043859438317,72.91053623746063,41.69608750523103,7.450612234992948,15.722720257695677
19.013732856110035,73.07682564106234,47.95234573031528,101.39295762482227,46.108781199206796
19.203699011745503,73.09373784757611,13.718451173296014,293.62071305438667,46.057073175137766
19.144686272549198,73.11621605814518,45.75860886561105,199.93627483589094,39.84644757318216
19.202136927678925,73.01436672487868,42.82038985995739,201.05499106968105,42.57878111057142
18.881095742366043,72.86914667842822,2.85530348212884,124.83948381484632,38.819812678068935
18.94365131845186,72.990706823052,24.216325383160765,228.30696879996233,16.298723731491798
18.925175142654332,73.11230373075335,1.1865559611159482,259.40837290548666,18.56461660450043
19.14129093675592,72.91369223305708,10.499222162664628,73.860592231002,15.687534291614652
18.941372844868337,73.12476057619237,27.677187815775294,0.5776890434055826,22.721705965674904
19.059943494079775,72.93808177710486,21.560729030624554,273.0917035669639,17.381480819600714
19.166091711828713,72.9705602148399,45.8660416531462,72.91767253990061,21.825971204452582
18.936324604760134,73.14782676680117,35.549045527557546,168.58052828102262,25.305660791767764
19.148394948407702,72.97584067171789,5.098504043863262,1.1985435080253404,38.97165549675008
19.093240948264025,72.9599014533575,28.30554248284129,172.06881775396616,37.0478586918737
18.988866944220018,73.03634409582713,37.50097038072065,134.59469998070009,11.104149622172127
18.949369006824593,72.84352801668201,40.966409647140196,227.5006289481595,41.18603493643093
19.109161240221574,73.04626001940632,16.61686784612762,31.99517592954747,41.35536771538951
18.93465093435715,73.13669739917165,48.0501789106464,7.262212555102665,12.32198194314732
19.014433951988778,73.06070578130822,30.05192568841844,141.86703493234108,37.98319102613903
19.137126532440995,73.07063168052346,32.39308996732749,269.6697960137722,48.31407035477402
18.890941630382592,73.1185748207961,39.557515250551184,292.2156669499036,15.075809977327431
19.180051920912245,72.87724984280099,12.902473265313963,113.62050854442978,49.69712621168678
19.1574519921532,72.91126825663304,2.42245866884514,281.169648727699,25.778132538658266
19.231830610488274,73.04187014399923,13.370193784653745,203.33834314405445,4.008574803943649
18.89867645239018,73.04015943573597,35.95406402067845,289.2494385389213,31.752802194545254
19.191837520968427,73.00952733541337,30.49836290351258,291.8412248284246,25.669567057450628
18.895886624250267,73.10925375345798,8.160400854685628,181.764174756385,29.003263785296614
19.116890210409984,72.85369722427157,40.21240450246114,158.54389707203043,23.083833078934596
18.87741987019676,72.89454555806876,15.930879843107126,159.24134969223653,26.163207932789266
19.1050843730988,72.84766275376279,0.437664552466549,191.6712346926269,11.16772601925216
19.149456268941186,72.85443099160618,38.48104072834481,187.32913126832693,16.44826730941184
18.99554963633024,72.82560006441946,22.16534638601855,32.62357006151758,36.40688551173639
19.097357686550907,72.90614153756493,32.38736445959678,226.23697096304986,42.971909057864174
19.249844701600335,72.91335624872893,28.40962219022648,22.042132807531022,22.65162344787539
19.06792404284729,72.90387998617886,42.44296696071233,99.04100998383191,22.475647154179118
18.977245339520675,73.05620171159771,46.16378259144136,65.72391948939517,21.931237652551356
19.130434336283095,72.97743895639574,23.484437396513254,184.22448726288093,8.322148743168556
18.997816616199422,72.82143397075004,40.293955046445795,164.09503748338227,24.15309660619164
18.916664082247202,72.97219927731332,28.099400850782896,195.72954486334217,34.655266398806255
19.131005274752177,72.82990098009863,29.675066843511548,248.65694163043247,28.504766055439944
18.948291829093957,72.94471015404694,25.003173979192873,68.15459707068983,29.012888715146833
19.1921575746087,72.84809877566575,3.7822917621808005,244.15367194851586,37.096906531462665
19.161695263730774,73.07409174005734,23.680041725314148,79.18758834061354,30.95328283041312
19.12176315726321,72.9339353535038,33.9617236193822,132.61261952297176,47.34824243941874
19.224348702454552,72.97461926972193,24.85417653631718,111.28312953361805,38.8897264233239
18.952078627485598,72.82981292207282,11.77537362071629,18.653790855207053,26.681354372790807
18.912623910971472,72.86745955842214,24.545348801072166,289.05403237761385,2.91432253923562
19.008055003209684,72.96565095017982,24.45980828952281,31.427313473340067,29.61661237070603
19.237382571225684,73.05871232155572,13.292638349077512,129.1536160374911,48.2625524146258
18.947356715365864,72.9658483053,29.397285645328797,3.1436408077029743,1.8582412997124376
19.23678656545098,73.05577947307256,17.04042258009214,75.918706436514,18.981841226180386
18.899714863397314,73.07876094611562,47.41153604995822,221.4679992659465,3.706617459789019
19.00064157883367,72.96037817984265,48.84903628009969,221.55255722028187,25.44214029322006
19.21933924762123,73.01549660196187,9.59978340117042,124.4659509415721,28.25346547397498
19.185295227806172,73.09481204718621,16.62019716867502,234.07623931922245,9.073974386695527
19.178524948064663,73.13893274834945,3.450470675468437,67.10640710823856,6.225363615492912
18.902840966496797,72.81663958576753,46.195078315785196,187.57426603103255,6.594942775905216
19.13134653676611,73.04305066159472,26.85004884731017,7.7679917038478985,16.276281894988422
19.106843755631424,73.07015767551944,38.76777932347649,82.53264245609624,14.851035065364876
18.981681476524344,72.85250752480354,0.39645749480575754,6.543383620975152,44.69129553923104
18.91711908975045,72.94361692793021,20.430796916315856,13.034436456853182,38.527650635617896
18.981986651098833,73.01947242042965,18.52949839078232,23.098112924904868,16.73266675098593
18.99827118963116,73.05433597564765,47.81237126999944,251.83429236355124,0.39699014375012553
19.247280745750587,72.95955515402554,21.48632218331754,270.3867970959789,8.295723875314737
18.914453330362626,72.95484476183853,41.23992465683018,53.832392196577594,42.85439426957111
19.03388883014481,72.82493251939317,20.964227014009108,88.62870695845902,42.90953502485579
18.941378911371718,73.03679068982676,42.46324010425774,30.648191986639397,21.43254296271342
19.14883209741921,72.82490888252028,23.439843926990328,48.161464832527436,3.515481317835256
19.183469920023416,73.13100416070334,15.942261942439584,168.1954800981484,6.657889009790541
18.936717047075895,72.85067650804434,43.69479336745859,43.42221752910063,16.581560859024503
19.229524077397564,72.99550245361962,15.476436521129411,262.66936907377726,30.700453566931518
19.06747782685939,73.09125898196328,43.10930769011145,104.58050066179099,11.49693979195523
19.07470692163602,73.132739715494,19.13466178157341,166.96306584331109,11.171613187358853
18.945425265925824,72.99167153135201,41.62116803837979,159.9575999307729,45.24133455692227
19.21120744079215,72.8351077102843,37.55398876628096,256.4105363739408,38.47874270569828
19.020590749154046,72.81135472567303,8.931993891431379,71.79551448233103,8.9497946438995
19.145641062633725,73.11617876711918,29.824532039800474,50.76491896746968,0.5975718199774549
19.02554570008111,72.97234398736067,37.887171060185885,45.08334145309115,10.700250180664044
19.020681188238473,72.88196608158061,47.51007480766225,88.01911899206566,23.94209658148052
18.98220563305458,73.0920459887188,31.769843518304008,268.2707568384347,48.50937892938627
18.949595704305,72.93735031992257,26.316295623406845,70.30484992452777,7.047882352079238
19.02311464055308,73.11828575229096,29.547719138548224,146.47739745280438,23.849930307334134
19.206355383839128,73.01159348279752,9.679768735673738,188.66192257415537,39.47492745364095
19.14424753629829,72.88584919217946,33.6844254673094,272.9291584913903,26.343179485905647
19.24225149413129,72.82629663061631,34.19773981269524,268.51819963628583,32.22024181930795
19.147425108507928,72.91259603370743,26.926972277022177,254.68279425591348,16.3259962430579
18.89631044724739,73.12296488023294,36.19828877512732,267.3963736247672,34.10421978851676
19.02941382475253,73.01934695333422,6.5705171162793725,269.23466633960203,5.445782338489613
19.213217863247145,72.86093545380206,31.355412593878373,147.89734823438496,40.17966512411074
18.953425601733898,72.81301253606848,33.252868939179734,179.68220286307255,12.684246759804546
19.162990120799137,73.14192168362685,20.78175862204301,21.21318284789544,26.777809820444908
19.06927990500797,72.91194904832399,27.353756204309228,193.15277575000638,43.22636378436194
18.9286966283876,72.89568100691508,7.44059843635937,49.79083737052233,36.76567546112455
18.996012025640404,73.12208795628075,15.721594271463257,205.26922498195665,40.477368299068964
18.905968674626617,72.89085362035351,34.38324876809127,32.566003712583495,1.4947559796714582
19.029581084530776,73.0899702910587,28.996828476840975,184.58147806090358,35.25434159883545
18.969172659457836,73.03505874269109,49.1959951339443,198.65291691254038,40.1102773753455
18.975970126540307,72.83693045491748,10.307171752071048,85.05864218666991,2.873732641021393
19.0014056609291,72.83003525580835,3.399539971817467,14.72019353391647,33.726378517514135
19.248571220606237,72.88601377421139,22.40107429262196,184.2334172423379,36.29884695339262
19.140927188403207,72.82065646674177,16.42961623195804,260.43375586954454,44.75065563808116
19.14069161956019,72.97624655368386,14.032636732100446,251.2548389228292,0.9524095327508308
19.025837389578058,72.93522021108132,12.929711145206014,255.82280773839884,42.37603164044598
19.033670329084057,72.89157020249115,42.18310119654811,192.39837881073527,18.331509794651023
19.108559602672226,73.11943975496176,40.34731650565818,212.25119390872698,33.4966496564297
19.2024783188957,72.85923226201902,17.24568290286197,292.8354894480461,39.15226493010719
18.954801566170516,72.85842061559521,42.843192068306365,201.35165384790167,13.473167487341996
19.158650074265836,72.82352465416739,32.273357825816376,70.87166097328387,29.01962296642911
18.879141062670687,72.94365076297693,42.91855088695326,78.67907491231661,3.0440423894885216
19.08115262742516,72.96730662725913,25.818887519181654,284.5302336018866,43.856486394459345
19.086255301365988,72.91051667285349,24.589160072205047,4.490747017664565,41.27899432830103
19.003656627503556,72.84245592976886,40.91098455511513,57.247227671929615,40.993091021561064
19.058536944648548,72.91126160307672,36.83781532520021,153.02769074762423,27.536128285364263
18.87485431145539,73.1372481588821,0.22167379783816776,120.52199127195468,27.04733913547674
19.023500661472454,73.00132563387469,35.954161589896344,218.40302523094698,17.4874501957467
18.9961793474019,73.10092311105568,48.84099696628076,179.30673517148804,36.05197030192788
18.93639439323265,73.12272499081288,23.396065445547837,185.26136328337688,5.167051239277065
19.022679659927807,73.06657655330255,8.648000788368348,29.15482778010081,6.3585867738225605
19.147241749444902,73.10690723355413,46.97995754404645,284.95742077912644,18.584961590270805
18.926005371239654,72.96962088036636,4.488432437572065,117.74783531834609,18.69881921369337
18.880619006747036,72.89085848143051,30.227740985152767,181.39501113103967,0.6333947163458475
19.204820911151643,73.1012316950155,27.631518367305937,69.8976449139791,30.78926377869121
18.998205269450096,72.89037627256208,28.12003621516424,296.99904665217076,38.68123341867309
19.227069620799032,72.84288256161733,25.516176533902968,174.54561374509632,14.507319455988615
18.900658774023082,72.89456296722946,44.11155885787819,73.43734676163186,25.607364315809804
19.139934761022268,72.93818895473797,48.56969028849863,103.22750516666004,49.407078659965954
18.97519703517837,72.9647392342871,17.51289451105087,112.46622111084504,9.077871211870892
19.185681036688813,72.9141756491534,47.87181474219025,161.91670778694655,0.436719336494823
19.171821395750012,73.06690637876959,33.02066484490756,4.0190282476999295,33.711292689690794
19.00597696414766,72.99273815827043,31.81779944669307,65.28582448374395,5.278241927308647
19.183344659563737,72.94475654752245,29.71201671203614,181.24572418526827,14.84276097549796
18.98916499965651,72.89652706385782,10.679352155635314,212.644156396586,16.81300083370037
19.131445182756043,72.83009753098462,38.16065384457368,26.495154337433146,40.88356190440495
18.883500381776617,72.81626001784142,49.529942698073775,2.935152130978824,26.64097395003925
19.17690992661989,72.82390669207737,35.61480270182983,235.42083557341553,10.367007777181863
19.069143652847362,72.83132866981882,40.155350265339074,144.50829650493634,20.5084636451815
19.087608376438034,72.82072366949146,46.87745440637417,59.07040576355688,15.3165745335828
19.10465804937015,73.03440412912313,47.34908075007047,21.719855361795027,32.79798113496971
19.21070384007892,72.9697763420413,13.94092380336986,62.58137587768775,23.712090344553182
18.87120353758296,72.86440352188092,14.488128378161342,6.170382428714416,26.289644659854396
19.09420488806794,72.93989317467407,36.37741880684029,100.7109816913114,40.81337472586874
18.91721645403103,73.04496775919446,9.88607499279716,297.01809750243496,17.90381568394809
18.93001739110501,72.82204117486319,8.984953846932713,213.35583351288253,18.793503314740747
18.986363508018833,72.81289418961487,30.659272066213006,131.10071867833582,21.21659856320613
19.245816486863173,72.92043211276957,32.838165609558004,99.38423499723571,30.628462738104396
19.078520237501824,72.96294688274587,42.29264473493162,65.58980117362431,12.817412835391917
19.140824817854497,72.93749969450997,3.1332774923746642,245.43464360767913,1.7009033586092348
18.971035150580757,73.14179795098386,23.286686842745404,125.68191552002041,29.54962758306542
19.066547766948844,72.86616860877245,9.469440031277438,68.67872260107156,21.400343009291845
18.884745923512618,73.02572461460493,32.69495400536971,13.317320281886625,48.39417372365859
18.928156584602405,72.87170158204412,25.999587944881824,79.72878010352665,31.145286102106866
18.90905787641376,72.9540524897323,40.46044795930388,287.5257328293272,0.6019843973712691
19.13118322179941,73.05336979829359,48.332031881739894,82.93295825571822,16.492093209880863
18.911989357527133,72.93178409375936,1.3129326001315555,82.59013468927576,26.669837548693252
18.988657320370898,73.13607615163531,38.46768835117152,159.1615099617826,27.046099828049545
19.10745253354037,72.8603050151089,42.05947270445725,161.86898810609446,32.41015230486626
18.879263994474154,73.05737639241596,4.3631501727734054,230.4131779781955,33.685361932968135
18.990144278346545,72.93205944062984,11.253401174400368,295.3774188153223,14.409936755437764
18.992845357460386,72.81063992639302,19.741718727977332,28.15751023701142,32.51296368841005
18.94938231368093,73.04888399687786,4.79042147390219,250.7775515067685,36.38105348105461
18.948147024467854,72.8365929023204,2.4461644275198866,189.49499152183319,14.270834565038227
19.1276552144542,72.8524015399206,4.587680442348624,4.715778248468849,39.36103163341275
19.057919143357296,73.10009874502249,3.325251978643151,262.5784872056766,8.077873146026693
19.127973308361785,72.86446150689822,2.1544581419970674,19.10653698651805,20.49608157839874
18.96906507496065,73.0805892827918,17.817834427330087,228.7883234066937,41.10426969275714
18.99530107639313,72.88120906405138,26.86352146321663,35.847305658149786,44.63020195011909
19.08417248388577,72.94044562902437,10.415290539296635,296.3630715625849,2.28815793446413
18.973169199056944,72.90020549974149,15.36027793930122,233.45142634921345,17.388381931216244
19.247981117724645,72.89834883266893,16.6262983023458,100.60711598519806,36.262400168966664
19.100817749584618,73.12217784278806,11.265278588718397,251.3376372905784,25.98919776064258
19.034233703909866,72.87227475651949,21.58549895111472,237.08012274217973,1.7469820800143976
19.22472980129539,73.0242617831581,41.27231280671027,243.2751310769625,32.37156303598977
19.16471099453751,72.9892652649627,1.5029291889376628,188.59037698175536,44.86019079457614
19.191086133271344,73.08938624025697,9.4236980274427,247.00192277997627,16.57827521302437
18.959215000054073,72.81092507650919,15.028246059682443,266.1183696213063,26.115130156385696
19.078843774756855,72.81333343675348,2.078565294736906,184.23691531859512,27.19982328516657
18.930140037146217,72.85278457785189,17.23256344876203,14.28615490414964,27.739750721471264
19.181483813339877,73.06553653722005,7.212261034296841,112.85266261854348,38.460374279680096
19.091582646444504,73.0595217342282,44.899977975385475,244.14733356347477,37.85615885765562
19.000137088809453,73.05180332694923,49.5938562537157,202.07927668265464,33.96093739971618
18.99488785741009,72.8183457569259,41.362515791938634,202.9184317073139,35.55154640522849
19.11334071547627,73.04969142155227,1.103717611668903,144.26276286226957,13.668280364812357
19.176460625339267,72.88493924117978,10.14459688150936,83.35480151673079,9.349816971154024
19.02973107204849,72.93302121094305,18.692976982945385,49.70530115939032,8.198375472265674
18.916892188204955,72.92884565807474,10.897553946432586,198.26097458417394,30.515626192645872
18.87132880263443,72.83408937098896,48.89657245216064,220.23286086237673,11.525721369155772
19.13321597477047,72.83277797686938,13.802165175217251,85.91034893720143,8.036694856237103
19.03218252923721,73.04695255163979,3.396271486360347,144.6924640017647,37.93317844505679
19.187708826767224,72.91000037749208,22.105659241145275,151.9076643131088,45.829259669695126
19.18289567120899,73.02694754057416,33.03396398360676,175.16807678833018,13.864261354787644
19.223383036295758,73.0026797688824,20.230479429270382,226.15656963743442,15.571668635689374
18.939062575144458,73.03014847153534,18.120769596291204,134.36074347629685,1.564774538064334
19.1388056545313,73.00743151534421,2.402327644208757,175.86511180182833,6.773035399613842
19.1081755968059,72.99700023092846,43.65523470390874,268.45943455530767,11.020009987298367
19.17089414397232,73.07949306695448,37.709072677075476,45.82960346754721,13.16434648569449
19.07710820613708,73.02347182391027,45.47803597565549,206.65691346185832,20.476205055637216
18.87319563559146,73.048853573263,35.78106197717112,216.07363092495717,41.937922291452
19.133049322950587,73.1408861072733,25.457180984560374,88.15002638647262,29.785230243495608
19.2161024467556,72.93724408126505,19.38270234298492,286.48218873568806,10.06435043434431
18.989872917343007,72.94852812561659,45.404982266565355,76.64687281781791,28.936295855066863
19.009877320245003,72.90550766820279,11.220414294261122,63.90753655705752,41.78674998081743
19.098662870839235,73.12377542984136,8.541166989512327,252.04616263511048,30.74032330997244
19.00322167365094,72.9306071710899,34.128778707745035,27.792178947158607,39.38164254982735
18.934562518887166,72.85763391490293,46.03309806212328,22.03000069590607,38.085060005176295
19.012852489970236,72.89142271674977,49.429565953044644,4.012764611883579,35.375160165296606
19.093235718453034,72.84892927498774,47.6647904164854,60.71677038151356,28.513807581186974
19.033894473378428,72.85190970843274,14.372728490750259,5.354923067339101,17.798859620307862
19.115158606406933,72.92888484166217,42.16836503271101,277.8940174675037,45.98089820753115
19.216692926612218,73.1080174986829,6.061141304702112,181.2249837176525,3.0698825191724346
19.099071545142973,72.82225216313189,47.16165500883748,50.02116668872315,42.272281986354656
19.138017996501496,72.85640678044815,3.2494834043417797,126.81278076768517,47.70976943559585
19.073519030250836,72.9164291912797,1.8366020190716315,140.64887197246333,48.669203376752385
18.875991305641318,72.98370341444827,33.304779868051256,23.177721532459607,9.725946881988213
19.130897057992165,72.91256420258495,32.56232909149847,218.93054617699417,9.765707584407906
19.02307478082242,73.05017578120855,23.9588163182234,247.73665194587542,17.79988034811457
19.103748723902065,73.0857682568244,2.131106731302573,79.44118874692664,18.367048710414696
19.149236354661735,73.05216794197048,48.12496940729166,195.29042875049782,46.292926592713016
19.03833671271593,72.920535878592,36.45736948592905,173.53659215904764,8.27863591125354
19.196945356661296,72.99348366257608,1.722173200263244,144.75538926820366,5.027998278499046
18.929782920280463,73.11386069710781,27.67927003503719,163.59119462951196,5.979236583776393
19.023599256420418,73.0813660787304,22.219711849718628,128.9286194232817,42.072079944745845
19.107516392613597,73.11158959825403,24.857839110962253,83.30565414383268,27.55891435426443
18.911146085381443,73.12507095833787,23.132221812518132,276.6310304860403,26.61145075377541
19.06194400933057,73.13337818369882,1.0873222508513691,298.3461837285177,23.760399702391755
18.89017740818163,72.98494973026152,17.479020561002752,47.68196348737873,8.931661131086521
19.16034393541085,73.12088108768498,23.703946450091824,277.02884645482783,30.39209811522447
18.89251051360355,72.87267647774311,5.156221572558195,172.72706688187475,43.21111210334371
19.04135615674096,72.86095821961894,17.81190562166784,216.46900104820725,21.138117318320244
18.915912594088002,72.85634179421699,3.5066765701830205,154.41067863648215,25.486846428603034
19.17140584815978,73.11465348607598,39.20595869506284,76.63740920122693,22.677436618924435
19.129251222118384,73.10095677851943,25.894903656783214,233.81020645936013,14.874228687079865
18.953908425924347,73.05474526289282,1.5770588652337603,10.966629567397678,19.913941199224023
19.129228251212872,72.89462724659532,11.312900206327935,140.51182226025153,23.635191004525485
19.067993912259595,72.8299657341091,49.81701416275936,74.85699416261915,38.65857462802928
19.20149225319706,73.14598523142878,43.266115556087684,41.71292423906503,17.24758002388409
19.11636738420525,73.06048020290436,19.255810394055878,144.09183363906956,48.438624537094285
19.207724231475876,73.08025608792882,44.59064414870063,177.58913560762704,42.0929780613475
19.05757568341757,73.06177869696548,29.34964645636422,38.495010933964025,4.8232927132285
19.18621226379478,72.85795202140974,27.865365735317976,114.187068916557,30.904549618944237
19.182394954815425,73.07902771339937,48.24542494586299,286.1693399269725,7.325171598347058
19.03934169055097,72.87850556698962,9.351056817426834,170.68840732340027,27.17792108419596
18.94553761128877,72.96748477156719,29.55528787473971,181.65921267591756,9.668518855632263
19.060783385757716,72.83702207374989,8.762904114782827,182.45920918814014,12.395457788819453
19.14478622585381,73.01876704614493,12.020300468847678,154.29831413256753,10.055359431516504
19.139176570168715,72.89910877384138,49.51587448430028,240.07949879530852,5.790580120471006
18.884769881322043,72.81818354642891,25.232756711824745,153.4367702003934,45.00514624205386
18.87399654448563,72.83969676855695,47.27791291033779,112.41861391189062,6.408312640660907
19.100901461618328,73.12107402902086,17.429954039070843,216.56339176047035,12.664665301018745
19.148214885694532,72.9842181558583,40.56180919990883,214.6247128939875,19.621132468259695
18.96085941597328,73.09807758221575,27.28765792022672,202.57628286631066,15.737431864201563
18.94890819208874,73.11430740590345,45.07482436934916,237.68589949781773,25.466650452486284
19.06866544864259,73.11795177641248,1.6271873848607787,165.36623624641814,14.633812350062152
18.87735403658693,73.04437707289972,39.243398098524196,121.31959616904246,10.976904872933513
18.89423848497796,72.85811227129126,24.16472533687552,242.7699918736773,47.204289769669735
18.9010101510886,73.02314616376937,19.609752818150934,173.09197593323128,23.743408241750686
19.160460794173755,72.96853688421113,43.44747221746496,295.5560184702788,8.131529265737846
18.909588350841915,72.8766169941518,33.95906831844262,92.61474557333382,2.519066092981231
19.18624985219392,72.89932980417757,28.339091587267273,109.24952626339119,42.59849864880028
19.161333856731222,72.8981789141114,43.32345556439408,13.159586595808936,11.015430220872153
18.901009591841838,72.90767428568014,22.564427055294882,168.3697370884295,15.763149471374426
19.211868013577195,72.92326549052356,15.336934871209372,96.41716312447791,27.696123411953664
19.229584583998772,72.9441060594781,29.170252301117472,159.97249102799012,15.961481448762378
19.248971427025825,72.82702436372185,24.049388181326677,117.88158822379148,19.7793865837693
19.033360451177646,72.863397435077,39.65950880655556,297.69834253259285,16.45602944238932
19.182476288063352,73.03617805665866,21.97792125782927,250.97794588121133,13.223008598049718
18.969358600058996,73.10807422370905,32.47046145805706,272.25669014219733,46.06420409177794
19.22304645186453,73.10570335735754,32.737433928350335,218.87749274370952,41.07909623868149
18.982316783900544,72.96915054446501,34.61125421336824,148.24872471730646,38.28944486615882
19.103821321403018,72.9508462729872,44.9509619365777,228.91000950909063,14.384526366464117
18.99344986818736,72.97469327097264,38.668846071453174,254.96256907772738,43.107544951663996
19.016348307883018,72.96534966377155,49.4193169165442,89.31444232654061,42.334031727015876
19.143930160147455,72.89615762759487,38.93384897808902,49.557191403036306,16.416345036453095
18.924853224283318,73.12703015014921,27.4180927280829,167.58806409974036,47.638522064942464
19.210149209008968,72.84537611160053,46.09613730212924,51.29414005064186,40.964339732359385
19.1086499763359,72.84802495699678,5.97928708897209,260.546855677871,26.60973465303611
18.887463251478625,73.02868904397197,33.9797962078232,74.0052301682106,10.730138168047072
19.206219002291892,72.99672288070946,22.889676890511556,209.49039375469613,21.850303069133105
18.97206072691553,73.06862055544978,38.09135910234019,132.736324854595,45.90870234720122
19.145570693834713,73.10678160691965,25.559047445634647,158.29328284498519,13.65800450721778
19.088194027583327,72.98316055088942,28.483130988722948,228.35910295049942,48.43751393006725
19.218048959525078,73.12524916901538,30.880385315979208,233.0148580394562,16.11636434151375
19.095895568143238,72.82488797453702,35.151060431547734,107.63568413877384,10.267838399432138
19.084562525061802,73.04271451029335,4.555577214991785,122.57052328662336,3.3313390056851966
18.887984426824573,73.10507252859438,12.519020014745147,63.9513909073242,7.065392894389483
19.019592815610267,72.85675092241647,46.29820543556508,144.02079436336948,20.74419041343344
19.009003132523155,72.83237456328591,36.331482479129996,143.27109331021597,35.53721640689709
19.123686230950447,73.06215367634697,12.033358508178459,13.664892655615212,44.49792950246696
19.10340227463609,72.8133133099746,4.490779895536062,97.2068120886419,30.5029239669399
18.950704400166313,73.0342819967237,28.266678152050062,290.75119937980276,28.971690925842942
18.893793597298924,72.9767410385353,20.367237035704488,102.1982341565969,34.866259877226454
18.87434042875923,72.81602732686943,14.17167052703665,224.84469957371164,34.770986763542254
19.20866032476487,72.83203539374853,20.012389556674854,121.56144357231831,24.842071399409697
19.146928341376363,73.00885120240378,5.306103833004067,167.38408322895603,26.10681127825241
18.8823575004183,73.06504065325217,33.05056499192277,71.21804255040477,2.831756059333368
19.025635316343646,73.00950815105097,26.72556869128006,26.594551992845062,15.471943729701753
19.03744416754091,72.81469599445718,34.51669132361267,252.6745851582703,4.922551854492813
19.103727877519727,73.07458974484632,27.99728801149719,188.02512861372654,31.527794306265122
19.206471973573546,72.97379762921773,4.731292712634816,151.28866031182346,46.01804780272716
19.136328526434784,73.00168276260274,40.586835665479306,136.76305158956495,41.29815782134328
19.1860122248517,73.08862038943302,19.7965477283925,77.68360960716734,7.242103336453392
19.19782480308425,73.1290240220476,38.341940087072516,163.6811886942608,41.80285052690587
19.137242563498628,72.88480549226146,20.752809198919252,104.98844663256968,19.27915883228777
19.141428507180876,73.11941003834539,27.533915508915797,24.986262454618657,1.2027683490365482
18.914105216766185,73.07281292775683,28.200987091318787,224.24981068027435,39.141052362456534
18.9401993115419,72.97555102164976,46.75320919884288,104.30702694879042,11.003918147036096
19.088529066429576,73.10887464048555,12.033404688190135,49.63053785697342,3.569126050656135
18.883904471149066,73.01424454062952,18.24451408017495,215.18363663476057,35.53220475824344
19.086858801045356,72.87807995884272,7.316229640791811,56.96794170665076,17.376610605400312
19.08528565405722,72.96887886738709,35.92020262548786,204.3850052190525,43.6769085361802
18.88485053752342,73.0347656193363,16.877654441502273,239.65418964987586,19.174791335544857
18.95674959076617,72.92866716570728,42.82506605311602,41.829875720599254,1.5654913612500265
19.169974174035033,72.90317807712972,47.55256422756386,232.27000016694666,13.215522498748095
19.009390483228454,72.99401592993432,32.44392407629644,280.360661509773,39.845765222400395
19.167503551369443,72.9285611411674,15.971886144370483,181.9120211619517,8.753675044173864
18.973289737657733,73.00352995089087,25.668758055781872,273.2526498400208,8.828630208053568
19.037262129158293,73.04863306257964,41.46214286494913,151.4510912020615,9.80165122877975
19.16135449282707,72.99350591918667,18.155076174826885,299.1154169651882,3.5105307095001645
19.16818408873035,72.89324989084736,16.364596788000576,156.5521266198768,0.8565105168293452
19.19149021548848,73.14249727631892,0.9772812570946032,244.52716587870097,23.907000640217774
19.21235253110473,72.92819451583529,13.275633215511352,18.27190453605485,8.977127413366336
19.139231194682804,72.8486495039045,32.214723811186055,221.19197810528016,37.90046457226802
18.88050767006237,73.1274109896877,26.730040518766423,104.86711387617362,9.872962217580856
18.920624738385996,72.8646232098026,38.89682869071451,246.2359536922136,1.1669171946816603
19.120226583626334,72.92114219669031,7.739053946257101,245.17109272810842,49.74754208987904
18.91512061419111,72.93163046725475,0.8905069308027813,152.52124510243704,17.84371334076964
18.990070590930834,72.97421773034299,20.771552859109477,85.61138328362941,32.61276173456518
19.046168048612987,72.9286216934965,16.585949368712892,213.10266622293886,32.8989452655063
19.204031787658018,72.9490942427513,24.110912926127092,234.06683330809398,48.63245995214872
19.117545067492806,72.96821586376903,21.737308222776434,86.41602717596196,48.023112515922826
18.88268387494454,73.11063771608895,28.11914337730484,145.84088501741968,36.76733436418205
18.946823680465315,72.81420153556044,10.691593073810523,14.005611363912218,47.69775009706445
18.980233955984993,73.05257421485348,40.138367438542424,136.50617499705706,41.93368938792995
19.231185742803046,73.07351968063368,30.477739518871736,27.235950338542125,5.554541750167408
19.087567710604443,73.04789046808044,18.21137254692569,256.72536472281877,46.1825406006382
19.106273031451448,73.0780035320923,34.317489249118246,164.9616270063854,0.8298766059721407
19.08090128490847,72.92162659725597,42.12168616533853,221.6270458983733,48.690016085148144
19.077421622121356,73.054995784708,26.489016496941627,143.25843573214607,30.141489798703507
18.957577404796606,73.1069716751958,46.63585058346428,138.61939388150216,4.088684597455488
19.020870357198472,72.81582845743603,26.646338632193817,11.584806092727252,18.230258547791966
19.246374031405814,72.83092202287153,34.470820663416546,12.560805316437884,40.04915175080468
19.1193379913218,72.90918040136891,29.747826616960786,152.75912080046083,8.986132047053552
19.13616984534629,72.9102784441778,37.87459780027039,129.8235751761453,47.07439220804935
19.008332670288627,73.09660124929714,12.820093921503284,175.48816394744907,48.92950351676838
18.96237822122556,73.07735052251326,46.803558631290954,38.02023366750965,40.00846100917924
18.871777058057127,72.89542267531944,35.37848545590821,176.64739923844706,42.92681134340769
19.052015084464852,72.81810782749527,23.855630444776516,245.47806071617924,40.75428909099551
19.005360292642703,72.84042733106726,25.21507274589642,273.94051414882074,0.5579335093194027
19.12288475450121,73.07766959271088,25.714682846243214,48.92413298445069,15.865201072074541
18.96922392133759,73.02737911949929,29.79962327430013,94.95341243244359,4.593262239862206
19.19240799563572,72.90189508801446,12.945043447696747,141.00969490594474,42.78140224570833
18.8844463152972,72.89186964274424,20.225826721296684,72.7189472267154,27.806746436067474
19.072493601414948,72.8989399790319,1.241710535305579,78.9042787988497,35.48991295212732
19.14720162026946,72.95060597371632,36.856617077614864,147.08253626133933,2.4507856801236407
19.229041240952306,72.82056423701492,4.362177910070719,131.51210968904255,23.58711796354867
19.0843685795314,72.85117928183976,45.866474123143306,114.97872827406114,10.44869020071783
19.13637275147641,73.00472538068152,33.81121975193771,132.39841496160443,5.696699036717057
18.974861889426112,72.93537775076047,34.82888049332577,284.57378059081344,23.67753733010381
19.070964321235213,73.02214863864243,6.628868961047186,245.8107518210407,14.975760457381599
18.927731773118424,72.8992957174419,15.73563712720496,75.00306210164295,27.75153419803366
18.97434537608334,72.82976731057762,43.6655406745023,73.06360119529015,19.989885747907888
19.16410494850231,72.99209948077738,30.507957122504465,265.12663982606006,46.77501713878331
19.13642480011059,72.9337285224729,39.938048666603486,179.7702095815093,22.568490411579983
18.931852321950316,72.93281494928686,20.019621243964746,91.80100562340766,18.303518456745365
19.068166927840654,73.06629762844369,44.55297917059408,264.0120188558428,5.396877693045809
19.117104218623613,73.00181117308725,46.8500021722915,289.7602839734323,12.542625921214956
19.163291624000586,72.87293896804374,28.49663941270662,67.2382487336252,12.219011699695425
18.96584844290044,73.13645038785539,1.2035026145544192,150.88775803479157,27.033498115749815
19.008199168256077,73.04616070567269,36.43754369773674,50.0314613635769,28.39675211330139
19.078123412308152,72.84330388382034,12.857902702538166,248.70905270686316,16.60198102943886
19.130353530030963,72.95184189434433,16.845039341850278,245.39107501746403,5.202541971257352
19.122980341078623,72.92846624031074,41.269170424999004,68.07250514485189,39.626424400194956
18.979871695398177,72.8157054575705,35.28578772056195,252.52846080681667,13.636441241255564
19.11555817615366,72.9761768886776,31.251054963809516,150.70681112469447,14.589624973195015
18.8852175940871,73.08117470600811,2.1713941524068137,247.00630602118764,3.639055899216148
19.198084921967062,72.96794477147189,16.830357249815997,110.49538332552241,49.53148372575168
19.126481957516322,73.04548514305404,12.13450127067342,118.1114621548637,9.654141457565323
19.194926152055185,72.83047455268674,28.604483072319304,129.34804481092732,4.918509227037116
18.878853130800614,72.8878646259849,9.62862579132684,182.23068506803338,48.01342288260512
19.18977984387656,72.90018376016143,45.57724909156968,183.38508517245748,44.15681253549799
18.9374937168262,73.00691440011101,14.209713601131686,42.56812615106909,32.71224946501773
19.142468111281648,72.84368924188576,32.737320910072754,199.5397656775426,21.49798837729599
18.982091081674977,72.98091979421632,21.95142307181255,28.81064549727669,1.7123209490725155
19.019561774003673,72.82874307018879,35.75949598371719,140.87554971220783,33.77147016732734
19.12198662842058,72.92909445980516,2.42573218262514,15.694483981688323,33.74808116225125
18.892003203877554,73.08182547362165,11.59440374735176,7.330153043241672,42.071972141572
19.004691906584483,73.04730568926912,30.68749748894947,122.84717159950951,16.217357327603455
19.130105988392273,73.07726322771626,12.139644667276468,177.570961028894,1.6045099434399746
19.13917429155994,72.9732719535744,24.98961832857293,273.6364465063034,28.164129384323587
18.94708718228681,72.81764982588632,27.217279235759435,244.49852926267909,24.47242644944928
19.13172190676077,72.98014604074912,6.260580704841246,143.29173223049406,33.02841976557053
19.191222718423212,73.02572743263565,14.477727666977353,53.3004612660258,39.78661255030989
19.207809536924174,73.12665900342779,43.55010982116989,152.5088511219246,6.713726828402616
19.185829602746345,73.04606048523137,10.864470532591364,269.191381550897,37.2813817117068
19.07602944594563,73.08952138794913,14.69697421320782,219.9038346515627,3.865357247758916
19.148710158266045,72.83380323219207,40.31670597147252,33.32415594158413,29.403972575780745
18.952533961326647,72.94762946494477,33.64636910273918,239.51723712110282,26.10795891897965
19.180463982308567,73.07222061669844,7.996730121112155,119.0163651218646,30.42448697362475
19.064241418356445,72.83060118212369,45.833498910456534,202.4600063635265,22.367177679583506
